{
    "654": "Failed to compile... PR: 654, commit: 15bc11f044b487700b2a912246f792964b6de232",
    "597": "Failed to compile... PR: 597, commit: 5fb05aa60ab5f3e8e9aac85adc01b0df61d2bf28",
    "557": "Failed to compile... PR: 557, commit: d533fc72f180a0063856e2127adcf603ab00c49f",
    "555": "Failed to compile... PR: 555, commit: e5b0ca91b1b3b3fbd19ef6203d52fea94a0ebd0b",
    "552": "Failed to compile... PR: 552, commit: 9233f0a7225aa0da6ca2bda815b4d119b8e43742",
    "546": "Failed to compile... PR: 546, commit: acc979b3bae398bc695b7558f9cb49c73a818867",
    "541": "Failed to compile... PR: 541, commit: 860ce7578f59f12ff2a065011b1b9c0c94db30db",
    "532": "Failed to compile... PR: 532, commit: 6665833af997ef314a44fcb725e63fc6fea7afb4",
    "526": "Failed to compile... PR: 526, commit: 80726e2dae60e5893be0621761883f2dec20cac0",
    "524": "Failed to compile... PR: 524, commit: 80726e2dae60e5893be0621761883f2dec20cac0",
    "522": "Failed to compile... PR: 522, commit: 80726e2dae60e5893be0621761883f2dec20cac0",
    "515": "Failed to compile... PR: 515, commit: c6d18e697b699723ca2cc3788e64b56f5929445e",
    "513": "Failed to compile... PR: 513, commit: 5a31b81b2887c158961a9f665ccb30707fafc6d8",
    "510": "Failed to compile... PR: 510, commit: 2a6ae40b023bc828a3c5a0d9b480040d6eab6e0e",
    "508": "Failed to compile... PR: 508, commit: 02bc4d0529988d1acdf72c88809f06297462342b",
    "507": "Failed to compile... PR: 507, commit: eb8ea969afd81d927fd5c85f643df21ca580fe5a",
    "505": "Failed to compile... PR: 505, commit: 28cda68f6e589b4a1d74536fd67c0bc570ebce6e",
    "503": "Failed to compile... PR: 503, commit: 3fe4864125da3cb0d7951960566427edcb98db94",
    "502": "Failed to compile... PR: 502, commit: 3fe4864125da3cb0d7951960566427edcb98db94",
    "501": "Failed to compile... PR: 501, commit: 3fe4864125da3cb0d7951960566427edcb98db94",
    "500": "Failed to compile... PR: 500, commit: c6fde82ce9637c43753b59620b2f5551ad7f20fe",
    "492": "Failed to compile... PR: 492, commit: 63c5fe205de1bea293e3b36ca8e0426b343ccafa",
    "486": "Failed to compile... PR: 486, commit: 47d87a247322282325b6bbe613d940dcd29c90a5",
    "442": "Failed to compile... PR: 442, commit: e3f3704888f08e32040f21cb41b116cce43acfce",
    "439": "Failed to compile... PR: 439, commit: e3f3704888f08e32040f21cb41b116cce43acfce",
    "438": "Failed to compile... PR: 438, commit: e3f3704888f08e32040f21cb41b116cce43acfce",
    "437": "Failed to compile... PR: 437, commit: 15c314692ce2abfd60e6f2f554339df97165f7a7",
    "434": "Failed to compile... PR: 434, commit: 0f88b210268635486fded15d767308f06dc6dee5",
    "433": "Failed to compile... PR: 433, commit: 0f88b210268635486fded15d767308f06dc6dee5",
    "431": "Failed to compile... PR: 431, commit: 5153c9b487e4b7dec6593358d49647202b4f40a1",
    "429": "Failed to compile... PR: 429, commit: 5153c9b487e4b7dec6593358d49647202b4f40a1",
    "427": "Failed to compile... PR: 427, commit: d43c68c0126306021a12afbfe7876a36612fbbc3",
    "426": "Failed to compile... PR: 426, commit: d43c68c0126306021a12afbfe7876a36612fbbc3",
    "418": "Failed to compile... PR: 418, commit: 919a6fb4b2e272bbb41916870903e8ac66150bc9",
    "416": "Failed to compile... PR: 416, commit: 919a6fb4b2e272bbb41916870903e8ac66150bc9",
    "407": "Failed to compile... PR: 407, commit: 2686ee7b3657becb7ac5a1a202d78ff4f420ae4a",
    "403": "Failed to compile... PR: 403, commit: 6b8ca7dde11c68344b2e2259e3ba7c55b375a8f5",
    "402": "Failed to compile... PR: 402, commit: a6ed6f294707ecd6606b089b074a3098b4add6c3",
    "401": "Failed to compile... PR: 401, commit: 875e6b00f636d7d9bb64dea7d023b080931be416",
    "399": "Failed to compile... PR: 399, commit: cfc46152d08d89d259e6666d3f0895e7b63266a0",
    "396": "Failed to compile... PR: 396, commit: d52cf6d9b4111d54611d8b8e355b2fc1c74d1ba5",
    "395": "Failed to compile... PR: 395, commit: 522e32df70cf7f67f2c75a5743b5b3a461c92598",
    "377": "Failed to compile... PR: 377, commit: 0fd856a99878ed865600bb07b45a289cc23b8819",
    "372": "Failed to compile... PR: 372, commit: 85bb30c0ece590b0fe92e684385c53c10e1f8f22",
    "364": "Failed to compile... PR: 364, commit: 46398d9a950804df6c0cbe6f0407d8bd1c468f64",
    "346": "Failed to compile... PR: 346, commit: 12dfb3bb886426b288b3df925cd72a08fafc8f8e",
    "344": "Failed to compile... PR: 344, commit: 52a101f01bdc646d0f62ab7a5bfb4b468211d54f",
    "300": "Failed to compile... PR: 300, commit: be57b48893183dcd363ecf42c026e0b91cc19f21",
    "296": "Failed to compile... PR: 296, commit: 6ee5313d405fbbdd4ce9d9a03ccb526358834fca",
    "295": "Failed to compile... PR: 295, commit: 6ee5313d405fbbdd4ce9d9a03ccb526358834fca",
    "274": "Failed to compile... PR: 274, commit: 7aa7c64efdbfa1e644c1b326a161b5b68831f907",
    "272": "Failed to compile... PR: 272, commit: f8c87367651248a581f98900d348e425427e880b",
    "270": "Failed to compile... PR: 270, commit: c5444885933d399ef4c459134ca83e8bd7d1052a",
    "266": "Failed to compile... PR: 266, commit: 080df220c5a2ed8ccf90fde90e9469525f259ecc",
    "264": "Failed to compile... PR: 264, commit: 36b8402636994fcf73a4e7a56470520d55144030",
    "263": "Failed to compile... PR: 263, commit: 242d4e9e1c32b2cb5c03a657ecafdd50dc9f6c30",
    "262": "Failed to compile... PR: 262, commit: d0967b2312ed999b289566fbdd81eb282ad20c8e",
    "254": "Failed to compile... PR: 254, commit: 7e25f47fd1259c34824d40d5ec52e0b595ded774",
    "252": "Failed to compile... PR: 252, commit: 0dc04e448ba31de15d8c32b1ee964bebed55bc36",
    "248": "Failed to compile... PR: 248, commit: 897573d997880b60fb976d1ec316702e130059cb",
    "247": "Failed to compile... PR: 247, commit: d3da4e14518cced036611e880b64fc15b95d1501",
    "236": "Failed to compile... PR: 236, commit: 05aa3e883dd86a05416312e1f728dd129cbd2734",
    "227": "Failed to compile... PR: 227, commit: 2354d9deb97a382f9d4640e0fb97fe4b22724c45",
    "226": "Failed to compile... PR: 226, commit: 2354d9deb97a382f9d4640e0fb97fe4b22724c45",
    "222": "Failed to compile... PR: 222, commit: 75a4fdcbab199da9a499059ae5445c989596de7d",
    "219": "Failed to compile... PR: 219, commit: 89b1cb163d4d3bd44e2cbf903b5026827181a12d",
    "218": "Failed to compile... PR: 218, commit: 5f4affeb62bbd4ec6286394e0572ec20633c939f",
    "215": "Failed to compile... PR: 215, commit: c39fbdc99e142c6b2c27ea79c34fe6dda98c9ec2",
    "202": "Failed to compile... PR: 202, commit: b29055db8afff1fbbb5f83c92ea8148212ce7478",
    "201": "Failed to compile... PR: 201, commit: 8d78d00caca97fa42db8670afec05a6c66152f42",
    "200": "Failed to compile... PR: 200, commit: ce66c242ad83266a4f5c01363b4b446138b054e9",
    "198": "Failed to compile... PR: 198, commit: 9d946b663959f62c61b7cc6e89b8b8998340767d",
    "197": "Failed to compile... PR: 197, commit: 7eba9998e341ff1b938e0ac3d5a62435cb5bfc75",
    "196": "Failed to compile... PR: 196, commit: ce66c242ad83266a4f5c01363b4b446138b054e9",
    "189": "Failed to compile... PR: 189, commit: 423a93f20567ced9f3bdc017af03ea0b78c411fb",
    "188": "Failed to compile... PR: 188, commit: efff42eb7a1fa5ee85344dc1fef831c85c17a3c9",
    "186": "Failed to compile... PR: 186, commit: a24e12c174d6f5bbdb4c91a3dbdf4d67f71546b5",
    "185": "Failed to compile... PR: 185, commit: 3e765bae3773b5da370cdf4ed1dd590c95f7ed9d",
    "178": "Failed to compile... PR: 178, commit: 1496b9fb7b53aa02601d4de7f75dd9814addfe3f",
    "175": "Failed to compile... PR: 175, commit: 0ff4617437948f7eaabc6fc937af5b745ccc5aba",
    "174": "Failed to compile... PR: 174, commit: 0006d353fbf98eb4326d64ee69dfc9ef6811b0b7",
    "172": "Failed to compile... PR: 172, commit: 2678faa0391774058f34779b815c1cbb2e9dd1e3",
    "168": "Failed to compile... PR: 168, commit: 4348962480949f61574a5172ca6b7f7749ddc5ff",
    "167": "Failed to compile... PR: 167, commit: a520f443ada300c0f99e5ad8bf3fb19dc60eb71f",
    "148": "Failed to compile... PR: 148, commit: c9a0cfdaccb0cd621c066036243aa79928c69b84",
    "133": "Failed to compile... PR: 133, commit: 860668521f1d250038cd233d5dfe63c740e1fc19",
    "129": "Failed to compile... PR: 129, commit: 5b13f0a62af217c26c826b34b2f501eb108ff785",
    "125": "Failed to compile... PR: 125, commit: b7620f499adb8098903aa2c806c54e0b0a85e4c5",
    "124": "Failed to compile... PR: 124, commit: b48042da7ad6e9ba7fb37526715990a0d9a0368b",
    "120": "Failed to compile... PR: 120, commit: 3c17e8cc05e3671fc0962b6c74b252537a45402d",
    "116": "Failed to compile... PR: 116, commit: a3e24052e672bc5f60dde89b92ac528c66f08fce",
    "108": "Failed to compile... PR: 108, commit: c50da9246b5fb090e0bd8b6ca6f2d434eb824cc8",
    "100": "Failed to compile... PR: 100, commit: 2daff3da3e32a77d794d25f3a0f4b5847d2d8c04",
    "99": "Failed to compile... PR: 99, commit: 05b32f5ca0d4a7d7a6d7c5e4deef1d7d0668dfe0",
    "98": "Failed to compile... PR: 98, commit: d519d2cdd3dee97ac47eb9293ade7e658a6eadc4",
    "95": "Failed to compile... PR: 95, commit: 1a6f1bde1a6b576f39bf6fd6d5129d577319c2a7",
    "93": "Failed to compile... PR: 93, commit: a11950c7f604df2f924b6edc3a42e0d719db46f7",
    "89": "Failed to compile... PR: 89, commit: f0340a3ef62a18df14badb26acee01bf102b9a2c",
    "87": "Failed to compile... PR: 87, commit: f0340a3ef62a18df14badb26acee01bf102b9a2c",
    "84": "Failed to compile... PR: 84, commit: 160c0f64356da6f66cff33101fe59e2f7b355da3",
    "83": "Failed to compile... PR: 83, commit: afc96936fda8cd712e626a6a3c3f64dabd99e2a5",
    "81": "Failed to compile... PR: 81, commit: 334808b803d8034aaca78fd41b228069da1fb0b8",
    "80": "Failed to compile... PR: 80, commit: 25f7d433e1258f0d322a69a482a959245e66f844",
    "73": "Failed to compile... PR: 73, commit: f29fe6f7c4bbf7ffb2fcda8cfd8356639179f731",
    "72": "Failed to compile... PR: 72, commit: 911bad9449f73495b3de526e870a7a6717c20e8a",
    "58": "Failed to compile... PR: 58, commit: 3744d5bee81753f3623497dd39e4529d2be5ee84",
    "54": "Failed to compile... PR: 54, commit: dd336fe22c9b0cfea6bad54261cce0c4fb112a77",
    "41": "Failed to compile... PR: 41, commit: a14c74fb0a313c86f7a0f28bcb6360ede9017769",
    "37": "Failed to compile... PR: 37, commit: 1c846486b84723b87ef3dcaaf7eea8469758f16d",
    "17": "Failed to compile... PR: 17, commit: 78b3dfc765e94ddd520d6eb64cf5f0dcecf0a3cb"
}