{
    "341": "Failed to compile... PR: 341, commit: 9c884c96ce5db5f9054c6f076d08ac2c2f5d8199",
    "162": "Failed to compile... PR: 162, commit: 9f37668d9243fc71178f0e94a2b560ef861a639a",
    "152": "Failed to compile... PR: 152, commit: 6b1e2eb08b4fc15427dab246846438bde2139a09",
    "150": "Failed to compile... PR: 150, commit: 6b1e2eb08b4fc15427dab246846438bde2139a09",
    "143": "Failed to compile... PR: 143, commit: fbc3c06d787e1c4e594f1b661ec24adcc43255be",
    "142": "Failed to compile... PR: 142, commit: 39aef5978586b0c344daf4e84a508895722e7f49",
    "141": "Failed to compile... PR: 141, commit: 2cbac58f7e3b51a4f2f3a6672bb4380e18469c50",
    "140": "Failed to compile... PR: 140, commit: 0964d5bf19ec97c8588cfdd8c02e76a7e71b047d",
    "139": "Failed to compile... PR: 139, commit: 9831773447456466ae93b07e59ea76c8cce31787",
    "133": "Failed to compile... PR: 133, commit: 24ad759b3100ef2026381fcb4065613a9dff6117",
    "132": "Failed to compile... PR: 132, commit: de469797120c0cfcfe738dcf1dc107df41e0923a",
    "125": "Failed to compile... PR: 125, commit: 45b6865b59d344910dd8cf09b54e6ea91347752d",
    "124": "Failed to compile... PR: 124, commit: f08623354efe4d801e4c1e29c0eb970b166b2c8c",
    "123": "Failed to compile... PR: 123, commit: f08623354efe4d801e4c1e29c0eb970b166b2c8c",
    "119": "Failed to compile... PR: 119, commit: 98293b24bde29f0cf76f1f52d30b9519c11f5686",
    "116": "Failed to compile... PR: 116, commit: 4551c3df10788775da91edabc843a0e1fdb0f48d",
    "107": "Failed to compile... PR: 107, commit: c6f4b84c7d0a7669370a07fb4a7ec72de9cbaed2",
    "105": "Failed to compile... PR: 105, commit: c6f4b84c7d0a7669370a07fb4a7ec72de9cbaed2",
    "103": "Failed to compile... PR: 103, commit: ccb5e1a6023a86f4f0dc8d9a0bdf503f43448638",
    "100": "Failed to compile... PR: 100, commit: ea548e01726b5d321bd987b0b71ac28442be5b39",
    "98": "Failed to compile... PR: 98, commit: ea548e01726b5d321bd987b0b71ac28442be5b39",
    "97": "Failed to compile... PR: 97, commit: ea548e01726b5d321bd987b0b71ac28442be5b39",
    "96": "Failed to compile... PR: 96, commit: ea548e01726b5d321bd987b0b71ac28442be5b39",
    "95": "Failed to compile... PR: 95, commit: bbedeea78256e746e75dfb211391879f30360a87",
    "94": "Failed to compile... PR: 94, commit: e22cb0e976976a44003ad54d48d848716bcf0a01",
    "93": "Failed to compile... PR: 93, commit: bbedeea78256e746e75dfb211391879f30360a87",
    "92": "Failed to compile... PR: 92, commit: bbedeea78256e746e75dfb211391879f30360a87",
    "90": "Failed to compile... PR: 90, commit: bbedeea78256e746e75dfb211391879f30360a87",
    "88": "Failed to compile... PR: 88, commit: bbedeea78256e746e75dfb211391879f30360a87",
    "87": "Failed to compile... PR: 87, commit: ea548e01726b5d321bd987b0b71ac28442be5b39",
    "86": "Failed to compile... PR: 86, commit: 8f39771cb53207fd447e34571ab653caa2e5b762",
    "85": "Failed to compile... PR: 85, commit: 8f39771cb53207fd447e34571ab653caa2e5b762",
    "82": "Failed to compile... PR: 82, commit: 1118a1ccddca5b8f982c4268e70a7412a3269cff",
    "77": "Failed to compile... PR: 77, commit: 8cbb4fd865a81b4d856cd87ebf099a91dc6fe2e8",
    "75": "Failed to compile... PR: 75, commit: 8ed5f6df652de166dc85f9b12ae47f54f840eea3",
    "72": "Failed to compile... PR: 72, commit: f4cc9984c3ea0cb85db6c30c3bba6e6dfdc0b677",
    "70": "Failed to compile... PR: 70, commit: 223a248fb7fd4c8a6611084cee47c0ee4e04db8a"
}