{
    "436": "Failed to compile... PR: 436, commit: 97af92ce345ce5fbe4fa2c8fc0c2e28c54093bb4",
    "406": "Failed to compile... PR: 406, commit: ba2fdccfaddc8c5dba8b28ca28bc23108fa30982",
    "403": "Failed to compile... PR: 403, commit: dd8fcfdd184a3b7397f7c2614294bf303f490f87",
    "402": "Failed to compile... PR: 402, commit: 63a9cc181881ff7a5f772d9852a9cb2bab8981e7",
    "397": "Failed to compile... PR: 397, commit: c88f57814c0af0dccf471b895a35981ecdac2e7a",
    "392": "Failed to compile... PR: 392, commit: 7286f9c804b65a4a1d771d3c984ea76516fc8141",
    "391": "Failed to compile... PR: 391, commit: af6a6e091abf80debf51dd5f2ef6fb26538d9d4f",
    "389": "Failed to compile... PR: 389, commit: ecb0a49c330c57cdb1f1fab025d9157ad2ea2248",
    "387": "Failed to compile... PR: 387, commit: 8209cd308ee6ff7e61ec0346f1799a32541ed80f",
    "384": "Failed to compile... PR: 384, commit: 8209cd308ee6ff7e61ec0346f1799a32541ed80f",
    "382": "Failed to compile... PR: 382, commit: fb098b0d86a0baf5245cfe0135ba4777a5b58505",
    "381": "Failed to compile... PR: 381, commit: e90c1e5e49528d362b37f2e182622d4fa0eaa703",
    "380": "Failed to compile... PR: 380, commit: 2ecc3ba0f40060cbebdedf71acbfad169b455a2b",
    "379": "Failed to compile... PR: 379, commit: 2ecc3ba0f40060cbebdedf71acbfad169b455a2b",
    "377": "Failed to compile... PR: 377, commit: e4b331d04dcbddea30a76ddcf38f1079f9903861",
    "376": "Failed to compile... PR: 376, commit: f454a8da4cd32cb52ef1ae46cb2a2b5609e630d2",
    "374": "Failed to compile... PR: 374, commit: f454a8da4cd32cb52ef1ae46cb2a2b5609e630d2",
    "366": "Failed to compile... PR: 366, commit: 33f37900eb55f488acd7e40bd548e94c30e8f047",
    "356": "Failed to compile... PR: 356, commit: cfa7bb6ad751ed18078a61d036e0658961f05ea6",
    "352": "Failed to compile... PR: 352, commit: a07efca33b40f18e9d28a59f9e40924a0c8a89a5",
    "351": "Failed to compile... PR: 351, commit: a07efca33b40f18e9d28a59f9e40924a0c8a89a5",
    "349": "Failed to compile... PR: 349, commit: a07efca33b40f18e9d28a59f9e40924a0c8a89a5",
    "345": "Failed to compile... PR: 345, commit: 92e4456f528d13f0a1609d709aec6d85f4cd1157",
    "339": "Failed to compile... PR: 339, commit: 7bb8759d2921e39651102d36ccd8de200bf0f2b1",
    "338": "Failed to compile... PR: 338, commit: 51cbde659383c8931525a51cf5066092826082ae",
    "337": "Failed to compile... PR: 337, commit: 51cbde659383c8931525a51cf5066092826082ae",
    "335": "Failed to compile... PR: 335, commit: f02241397f330fbf38cf6ca5bfc5191ceea06d7c",
    "333": "Failed to compile... PR: 333, commit: bfab17c200b0e7ed4eea916e1cb9a3c41294f8ea",
    "328": "Failed to compile... PR: 328, commit: 49cb9f597c9516ebfcc2c4f477ded3d012858024",
    "327": "Failed to compile... PR: 327, commit: bf1c2c3b0a60041be263d1febeddf53a146d9fa1",
    "326": "Failed to compile... PR: 326, commit: bf1c2c3b0a60041be263d1febeddf53a146d9fa1",
    "324": "Failed to compile... PR: 324, commit: e981f9ea7ce24d7cbab056750448941e4343e76c",
    "323": "Failed to compile... PR: 323, commit: 8414c1e46cfa4aea6f20e0795b7fb487f72c0ac9",
    "322": "Failed to compile... PR: 322, commit: 25cfcf1a5bf785d1daa02046d611dd35087fc584",
    "319": "Failed to compile... PR: 319, commit: e73fbc241cd510a0fd7caec6f7cac2e4537ba699",
    "317": "Failed to compile... PR: 317, commit: de079d82172220c0b3f2a5e1f1cedf73f4c1ba5a",
    "316": "Failed to compile... PR: 316, commit: 376c0a5654493295b1d5595fe236509bdc3a41c5",
    "299": "Failed to compile... PR: 299, commit: 50b126dc0eb075a2193b670eb7ae2089896ba283",
    "297": "Failed to compile... PR: 297, commit: 30b6759387b4402987f6f4a6100fdc78e8bf755f",
    "295": "Failed to compile... PR: 295, commit: a27bc326901fb19558a2cc4cdd5fd64b000102c2",
    "289": "Failed to compile... PR: 289, commit: b50e3db7b1e701a4474d862d46375f4187f16b79",
    "288": "Failed to compile... PR: 288, commit: 9dcd3196a17c40789f21619fa9ce3f2941cd1b85",
    "285": "Failed to compile... PR: 285, commit: 8e0bb7145f784e033c34796a9725229cbaf12ebc",
    "277": "Failed to compile... PR: 277, commit: 1dbc6cab06e5ddc41afb629330565097a519004f",
    "276": "Failed to compile... PR: 276, commit: 1dbc6cab06e5ddc41afb629330565097a519004f",
    "273": "Failed to compile... PR: 273, commit: d61bc3e942616a7be5740b4ba805f420bdb84bfb",
    "270": "Failed to compile... PR: 270, commit: a0611b06f05e3c37c622f48a783836f89247c237",
    "269": "Failed to compile... PR: 269, commit: a0611b06f05e3c37c622f48a783836f89247c237",
    "268": "Failed to compile... PR: 268, commit: 1094f19b22edd1a508b3d10d4a2feb976e18207d",
    "262": "Failed to compile... PR: 262, commit: 0a9f295986d3c8a8d101997154d492360d4abd78",
    "138": "Failed to compile... PR: 138, commit: efa257676280abd316bb677e5a8de5cb9fe1dd73",
    "76": "Failed to compile... PR: 76, commit: 1d3c845a415f1e103cfcbe319d99fb0d29597f98",
    "70": "Failed to compile... PR: 70, commit: e0612227af58b0d882cca382c655692a1ed768ad",
    "66": "Failed to compile... PR: 66, commit: 5ff03d2416c10fd1ad6313a993adacaed232ba1f",
    "64": "Failed to compile... PR: 64, commit: 6434081874fdda9b8bbbd9c2b76818116f33f9b9",
    "57": "Failed to compile... PR: 57, commit: 02c7974c113cc2a51d6741491080058470265899",
    "46": "Failed to compile... PR: 46, commit: c63413182017e069393963d07570ec69f373ee1b"
}