{
    "471": "Failed to compile... PR: 471, commit: 7aca075c6e49c3d2f90dbca081d08ebeb36e2f57",
    "425": "Failed to compile... PR: 425, commit: ce6444fe3b1bcc8a9f70db1d55ae97b1c69ffc6e",
    "405": "Failed to compile... PR: 405, commit: c0e1e0f6008cff354820bbf65783fd3d69b1ad55",
    "404": "Failed to compile... PR: 404, commit: 37878a5023e5b2c993fd859650422f5a4289db15",
    "352": "Failed to compile... PR: 352, commit: 2feb505c84107cecb8438a9c46ad2f03672741b8",
    "311": "Failed to compile... PR: 311, commit: 56d7863651aa9dd91f0caf4be78ff0f1ab419aff",
    "292": "Failed to compile... PR: 292, commit: 1b5bf8051d8196d5f5e141b8a372b110649c0096",
    "271": "Failed to compile... PR: 271, commit: 2927359a7811085982775399253b33de27051c3f",
    "269": "Failed to compile... PR: 269, commit: 09372853b40a8fbdc5c84241e4605f99b4fab5db",
    "250": "Failed to compile... PR: 250, commit: ed9916d8ab54a78c126855f02283ae73575046b6",
    "239": "Failed to compile... PR: 239, commit: 427c7d137e914b1a84b9770d8cb1cb8060603b8d",
    "215": "Failed to compile... PR: 215, commit: 98b9d436f871eacdf33846686bb5af58546ff569",
    "209": "Failed to compile... PR: 209, commit: 736c00da6dfe4c91210d80d06cf7b28f857c035b",
    "203": "Failed to compile... PR: 203, commit: ca0f84933a825094dfdaa142f82ec42f4275611a",
    "176": "Failed to compile... PR: 176, commit: 332a7ae919d7634feb2485e970173b7fa4c1be0b",
    "172": "Failed to compile... PR: 172, commit: 3d09a430085eb05c4121ac619562daff33c43498",
    "171": "Failed to compile... PR: 171, commit: ed16362d101fcbb5c47482586b7f25e9c7a882cc",
    "170": "Failed to compile... PR: 170, commit: b184b244ad9342a384ba87f48c6b48805a3b0f1f",
    "169": "Failed to compile... PR: 169, commit: b184b244ad9342a384ba87f48c6b48805a3b0f1f",
    "167": "Failed to compile... PR: 167, commit: 976cfe69aaf372cfdb16e1a17f3892532e22a039",
    "146": "Failed to compile... PR: 146, commit: 70585fc2d55473559c60f3f99d7a5643069fb361",
    "144": "Failed to compile... PR: 144, commit: 288699c0a88af9530864a57e9795300954ef38d8",
    "138": "Failed to compile... PR: 138, commit: 77cbf6c9f4d210693cb02e408e17c39ba61728d2",
    "131": "Failed to compile... PR: 131, commit: 1a8ad57a200ee9afaaf8257fc441aa780a983772",
    "125": "Failed to compile... PR: 125, commit: 2ad70741e69e962bac41c57c2a5156dbc20e3e8d",
    "112": "Failed to compile... PR: 112, commit: ec9927971245d3e6ec7fdfbee0021d70c615bd64",
    "111": "Failed to compile... PR: 111, commit: 6e76a8b380a3891e5fc002628d1f4d6f6156f35b",
    "108": "Failed to compile... PR: 108, commit: 3b4258817aa188e45f3b064c0ea714fc9620ce91",
    "98": "Failed to compile... PR: 98, commit: 97b5055cc1b377a3b7b2013f96589fa7b28ffb59",
    "96": "Failed to compile... PR: 96, commit: 0b1662c881459b7c7e0a3b3cc4c227ebd78bbd1b",
    "93": "Failed to compile... PR: 93, commit: f1f3a387630a7e3e2d4aeda1744f3e94ca21968a",
    "92": "Failed to compile... PR: 92, commit: 97b365d3d96aae2cdff3b5dd894dba1a1ec7accc",
    "87": "Failed to compile... PR: 87, commit: cc58de13c5361d5ff98a839adc7b46eceb2f2bef"
}