{
    "473": "Failed to compile... PR: 473, commit: 283ce4f37d1bcffe82b9528fcfd8abd875d01197",
    "392": "Failed to compile... PR: 392, commit: 573d44926a28ce13345da19ed813510f1725f159",
    "332": "Failed to compile... PR: 332, commit: f14fa54b9eba073c8c896a829fac1c2037b34222",
    "314": "Failed to compile... PR: 314, commit: 5b09e9472576608ca27796b12ae7935f5d7bce82",
    "302": "Failed to compile... PR: 302, commit: 501896cf3022ec7becdfda63b6269a2be654e663",
    "298": "Failed to compile... PR: 298, commit: 7468f5c01105c026ee48f89724c52a884ed4f9e9",
    "287": "Failed to compile... PR: 287, commit: f64ca98a09e378318118bbd984d3ebacf8749318",
    "286": "Failed to compile... PR: 286, commit: deb9586f0d5779ee12650ac5460305ab8202a940",
    "277": "Failed to compile... PR: 277, commit: 5534bd7590af1e3ff8b7706e788a1c2214e70141",
    "276": "Failed to compile... PR: 276, commit: 10b257825cafcbc0ea8e99902989b2497f606d38",
    "273": "Failed to compile... PR: 273, commit: 220652a04acf12f02245ef51b740b82c64d16c15",
    "270": "Failed to compile... PR: 270, commit: a341e1327dea792917d5a8678323ad8eee003e63",
    "269": "Failed to compile... PR: 269, commit: 08f457cf5a27bbd91cf19d2a574db3aae2ca46f0",
    "267": "Failed to compile... PR: 267, commit: 136f79ee4ca739129f408a581398018bbf774247",
    "266": "Failed to compile... PR: 266, commit: acf7733a798359c6570a194fd21951eae9b0d7ab",
    "265": "Failed to compile... PR: 265, commit: acf7733a798359c6570a194fd21951eae9b0d7ab",
    "260": "Failed to compile... PR: 260, commit: 5148b02ba552cd79ac212b869dec10d01ba4d2e6",
    "258": "Failed to compile... PR: 258, commit: f673d2422105d4f2f3b60ae70e107c56c022ceff",
    "252": "Failed to compile... PR: 252, commit: 2bea7c81f16a4ebe6026f0a629340cc1fe63d5e5",
    "244": "Failed to compile... PR: 244, commit: 12a10d2cb84525299485db394ffb318c640df5ba",
    "239": "Failed to compile... PR: 239, commit: 3fec166a81ac200c6b5854c96785abad27024c57",
    "232": "Failed to compile... PR: 232, commit: deae79575b6846dddee53ccd3d4e28fc8133dc6f",
    "228": "Failed to compile... PR: 228, commit: 9b8c30c5ccb5f6c0bb35456c50fdca35abe212da",
    "211": "Failed to compile... PR: 211, commit: 8cef8fe9137224e626f356ffe261d5b0e5c37f31",
    "195": "Failed to compile... PR: 195, commit: 25fadfca1c9aeaf2fd0a2c209484800dcaea4024",
    "186": "Failed to compile... PR: 186, commit: a8dfec2fcf3f1ca14658883d8ba72524f48b35a8",
    "182": "Failed to compile... PR: 182, commit: c546235573817a32155b0413029b4d0a8b1f80d6",
    "162": "Failed to compile... PR: 162, commit: 9580f5ef25c0d4736046165275f2d57d31686ae9",
    "156": "Failed to compile... PR: 156, commit: dd518d2b14e797014ec740360afc3d2c79642b3a",
    "155": "Failed to compile... PR: 155, commit: 70c8843e935882b0a78916894cb9f042964f2717",
    "154": "Failed to compile... PR: 154, commit: da384e987c73ebbe4767f19427c021bced5f1c0e",
    "142": "Failed to compile... PR: 142, commit: b08b1aeae4ad01582fd6264462a4a9345bfd065d",
    "135": "Failed to compile... PR: 135, commit: 31b55924060c9b8994a28761c8d8722a6f1d491c",
    "128": "Failed to compile... PR: 128, commit: 5e9f5637cead161f5e210b86febcc23d502d3f67",
    "100": "Failed to compile... PR: 100, commit: e8f0de332a82340205befb86a25f33c95f205d9e",
    "84": "Failed to compile... PR: 84, commit: d6a8af593fc03e12ecf2dc8047669472f7ca263b",
    "82": "Failed to compile... PR: 82, commit: cebce291f454fd5df528a8da37b4e81e407b1082",
    "80": "Failed to compile... PR: 80, commit: 9b7ca5a2bb214da1e36a86eb4a64bb1194e697e2",
    "75": "Failed to compile... PR: 75, commit: 7c6f63a0d7c52c7abcaaf483c325b2a423971a09",
    "60": "Failed to compile... PR: 60, commit: 898475f88253dcf751651c2d76d3f693ccc093a1",
    "59": "Failed to compile... PR: 59, commit: 3fd14a9bf2cb5be28f7b8b0d51f89620f958908f",
    "56": "Failed to compile... PR: 56, commit: 072cb7a7eb6750ee2a4bd6305c9e8f697b5e292f",
    "54": "Failed to compile... PR: 54, commit: 1c2698a7527401a4a68a97e905886075fe6c4efa",
    "52": "Failed to compile... PR: 52, commit: 99438ac9dd995176b64a872dc628fd66f74f90ed",
    "33": "Failed to compile... PR: 33, commit: 9ef1843ba4851b82b5c8eb8271ad352690be0cc9",
    "30": "Failed to compile... PR: 30, commit: 75f05d7941ab28b63c1a5c8703a547e52c3c3bc9"
}