{
    "154": "Failed to compile... PR: 154, commit: d5aa7815ff98bef7d9175249dcb3cfcf9e2866ba",
    "123": "Failed to compile... PR: 123, commit: 821ab5fc6140581d0dd4906c9cbcb721de0ec1fb",
    "122": "Failed to compile... PR: 122, commit: 821ab5fc6140581d0dd4906c9cbcb721de0ec1fb",
    "121": "Failed to compile... PR: 121, commit: e589115b6443b328c7863b34455ed76f9cec06cc",
    "120": "Failed to compile... PR: 120, commit: cd7787277b170d5f439df03850ca0c574566e539",
    "119": "Failed to compile... PR: 119, commit: cd7787277b170d5f439df03850ca0c574566e539",
    "115": "Failed to compile... PR: 115, commit: 661d47c2d347a0b38ceba80e43020ee6a92d3177",
    "112": "Failed to compile... PR: 112, commit: 772c8f78d9c5c3a9f80911e04e5a9d04fc8dad37",
    "110": "Failed to compile... PR: 110, commit: 513c3c071acef700501b7aed7cbcdcc69b64559b",
    "109": "Failed to compile... PR: 109, commit: 3c96ee97f7fb4452cb530d33d60bd328cbe11357",
    "108": "Failed to compile... PR: 108, commit: 335808a8295c3d4dc1ec887b79f51699465889a6",
    "100": "Failed to compile... PR: 100, commit: e46146c67026956d3f48d44be5c4df0fb78d5a42",
    "97": "Failed to compile... PR: 97, commit: 5d04888fe67193c4cb7eb596d0eafad25f900958",
    "96": "Failed to compile... PR: 96, commit: d463fa0120fc1041729b7a564b2b5f96de9d6ab6",
    "95": "Failed to compile... PR: 95, commit: 58324c1cfb9814b390a8750b0ba97dc5367817a8",
    "93": "Failed to compile... PR: 93, commit: c126bdd5161a103cdd4718552d92e2b9153df70b",
    "90": "Failed to compile... PR: 90, commit: c0521477eb99133098495dce53b85574fe9b3a9c",
    "80": "Failed to compile... PR: 80, commit: 21eab4e090d4e25770e01e8b30f39613eb9669a8",
    "77": "Failed to compile... PR: 77, commit: 41c73e390abb85f0c8bc4f3097056ddda246540b"
}