{
    "819": "Failed to compile... PR: 819, commit: 60a1a2642ae7ddf74c0062fe37b3b57f83a0588e",
    "773": "Failed to compile... PR: 773, commit: afe31cc01ed322a7d3996118b4d917433bbcec23",
    "766": "Failed to compile... PR: 766, commit: 7cded18c0946e39eaeb3629f861a7caefcee6bcc",
    "732": "Failed to compile... PR: 732, commit: 05cfe51d5f5054303bc58fd0e32276c6595ae21f",
    "727": "Failed to compile... PR: 727, commit: e1a80789f19daa9080855ec237120a50b20ff5de",
    "626": "Failed to compile... PR: 626, commit: d399d3220c5507a27f5b22ff42075e50dfe864cf",
    "525": "Failed to compile... PR: 525, commit: a4a4e9e2625a9545766b83cd70d2e9f9fc24f21b",
    "505": "Failed to compile... PR: 505, commit: dd807e78a8768c390feff8bd554b6faa4202eeca",
    "504": "Failed to compile... PR: 504, commit: c8dfb3f4dff328a9aeac2eae1d4c701de632d88c",
    "499": "Failed to compile... PR: 499, commit: 4cc23cc306e5e26666498053e06a12431a203fe6",
    "498": "Failed to compile... PR: 498, commit: dd807e78a8768c390feff8bd554b6faa4202eeca",
    "497": "Failed to compile... PR: 497, commit: dd807e78a8768c390feff8bd554b6faa4202eeca",
    "494": "Failed to compile... PR: 494, commit: ae85f5195ffd82a29243e63f0a459fb5eceb35f9",
    "492": "Failed to compile... PR: 492, commit: fa37ac1fb212ba4304a2da7b6f031ba41dd284a0",
    "491": "Failed to compile... PR: 491, commit: eab033c7f057bd587cdc7a0d609bed4226612685",
    "487": "Failed to compile... PR: 487, commit: 09f969a9bebe31370df64702a61420f14ead6271",
    "486": "Failed to compile... PR: 486, commit: 09f969a9bebe31370df64702a61420f14ead6271",
    "480": "Failed to compile... PR: 480, commit: 49a4d6d5a11227314a5412935b31989fad3bffc9",
    "478": "Failed to compile... PR: 478, commit: fde8721820b203e992b273fbba75959f2d4c3ac1",
    "476": "Failed to compile... PR: 476, commit: fde8721820b203e992b273fbba75959f2d4c3ac1",
    "474": "Failed to compile... PR: 474, commit: eb8bc5e910f1da575e2bc8df752c97912a41378f",
    "470": "Failed to compile... PR: 470, commit: f20894552d6c8352617e36e3474cd5c2a3f8040d",
    "467": "Failed to compile... PR: 467, commit: dcc53aebf983f6c0a48932262facb81f5d82815c",
    "466": "Failed to compile... PR: 466, commit: dcc53aebf983f6c0a48932262facb81f5d82815c",
    "465": "Failed to compile... PR: 465, commit: dcc53aebf983f6c0a48932262facb81f5d82815c",
    "463": "Failed to compile... PR: 463, commit: dcc53aebf983f6c0a48932262facb81f5d82815c",
    "462": "Failed to compile... PR: 462, commit: 213990944ffdc131b4f7595f52f05f5fb8d56b31",
    "461": "Failed to compile... PR: 461, commit: 7532d2fb0d6081a12c2a48ec854a81a8b718be62",
    "460": "Failed to compile... PR: 460, commit: 8c39a1563b63ffe8ff519832337be4b66e94f731",
    "459": "Failed to compile... PR: 459, commit: e1021627d85bf0ab584719b93991f80f466e8d6f",
    "456": "Failed to compile... PR: 456, commit: 7840fa13335323b19ce03dc6b597b45808155282",
    "455": "Failed to compile... PR: 455, commit: 8346becce3bdbb4f447971a9bc8d69711449640c",
    "454": "Failed to compile... PR: 454, commit: 2739ceaab405a4216cdc3c92b5f951b9d0ea099d",
    "453": "Failed to compile... PR: 453, commit: 2739ceaab405a4216cdc3c92b5f951b9d0ea099d",
    "452": "Failed to compile... PR: 452, commit: a72d1a8ddfa82d0f11c6058a8a4489c24ae89141",
    "451": "Failed to compile... PR: 451, commit: a4793d27cf19546516167b1749e8d124c731e93a",
    "450": "Failed to compile... PR: 450, commit: a4793d27cf19546516167b1749e8d124c731e93a",
    "449": "Failed to compile... PR: 449, commit: 774490420b0dbc5f39f77c8667a9df4ab99afd9c",
    "447": "Failed to compile... PR: 447, commit: 8bbe1949e17d58e1b5aef9c71e1279ad12ad7ba7",
    "444": "Failed to compile... PR: 444, commit: 5eaa7350a841e275a997e1ee76f64b00f0efff9f",
    "443": "Failed to compile... PR: 443, commit: 5eaa7350a841e275a997e1ee76f64b00f0efff9f",
    "441": "Failed to compile... PR: 441, commit: 4bf05d288cfbac9106db88ebd7312801111c25ba",
    "440": "Failed to compile... PR: 440, commit: b180eaa57d9bfc308d98882720648936f2dcb38f",
    "439": "Failed to compile... PR: 439, commit: abb1c4d974ab48358d09bc509c6094b1569028fd",
    "438": "Failed to compile... PR: 438, commit: 47c87bc62cd41c668146e18c1b06d49ecec7fd0a",
    "435": "Failed to compile... PR: 435, commit: 6210afa747a67cabcddd6d72f675ed3d8023bda5",
    "434": "Failed to compile... PR: 434, commit: bf802542c668b4a33ea4d3a9c12b8625c37fe4db",
    "433": "Failed to compile... PR: 433, commit: 6d865b6aa08b4327ad2049d576b838990cf2077d",
    "432": "Failed to compile... PR: 432, commit: 64360eccb33282b2e994603d8d578123c79f886c",
    "430": "Failed to compile... PR: 430, commit: 8902a9a6b5564f5b9d121a1f6ff3e100f3fbb7cf",
    "428": "Failed to compile... PR: 428, commit: a55e9ed93b3f442a1230be4b9b2ca936155868f5",
    "426": "Failed to compile... PR: 426, commit: 64360eccb33282b2e994603d8d578123c79f886c",
    "425": "Failed to compile... PR: 425, commit: 89e02a4fb4af88304dcbb79dffe86ca205bcfa37",
    "423": "Failed to compile... PR: 423, commit: dbd2f283dad418f0e5856f3c5d7deea0349b10fa",
    "420": "Failed to compile... PR: 420, commit: 354bf9689314f32960918a63fa47e1e1dc288ce5",
    "418": "Failed to compile... PR: 418, commit: efde28788e5d07f0a9923be2b8dcd913ac39dccb",
    "415": "Failed to compile... PR: 415, commit: 91d4ab553ed92059dd10d53708376e1911b890ad",
    "414": "Failed to compile... PR: 414, commit: 28bc351e31d396face13a84edaf0d8ecb8d237e2",
    "412": "Failed to compile... PR: 412, commit: 0a5399957674b19d589cd5b1069cfc5491bbdd67",
    "410": "Failed to compile... PR: 410, commit: 3ff0ba78c171438a636d7f75c2b0a9271f932060",
    "409": "Failed to compile... PR: 409, commit: 3ccbcc6f9c9f84f6f1e5644e1e266754d88a8017",
    "408": "Failed to compile... PR: 408, commit: 3ccbcc6f9c9f84f6f1e5644e1e266754d88a8017",
    "400": "Failed to compile... PR: 400, commit: 47c87bc62cd41c668146e18c1b06d49ecec7fd0a",
    "398": "Failed to compile... PR: 398, commit: 9053c84d505dfbcca0f1452b8ee2f2adbb5e54a5",
    "396": "Failed to compile... PR: 396, commit: 7e0dadb90efacf3f2464a31e79f7f5e6b1f8cc7b",
    "395": "Failed to compile... PR: 395, commit: 642b9459950ae6fe588b39aee4c61f5295ae569d",
    "394": "Failed to compile... PR: 394, commit: 642b9459950ae6fe588b39aee4c61f5295ae569d",
    "393": "Failed to compile... PR: 393, commit: a270fd376fb38504a290ab2c23763f4ffd1299e5",
    "392": "Failed to compile... PR: 392, commit: 59e7caf404021b5dd54716ac5a61ce5b9a53f231",
    "390": "Failed to compile... PR: 390, commit: a23db416e5b379c7209711f1b8497effc5e79be3",
    "389": "Failed to compile... PR: 389, commit: dfbacfc26a0a354c5a883b8f0314472b592161de",
    "386": "Failed to compile... PR: 386, commit: 6504e674b098efad90888ee198b7d977621123b8",
    "385": "Failed to compile... PR: 385, commit: 73eb6ed189cd3e3625a11cdeb213d948f611a9bf",
    "381": "Failed to compile... PR: 381, commit: 12ed52e05d7afb5e63cd6c927ace92e7aefa9bf3",
    "380": "Failed to compile... PR: 380, commit: fdfeb3233afe98df7ed5b826dfff8fc30eff9a24",
    "378": "Failed to compile... PR: 378, commit: 13cfba86f87f33a9374d5bbe9aeb6c01811dc3a2",
    "373": "Failed to compile... PR: 373, commit: 070f16c1564fe79fcd3312741c2af2320ca9b3bd",
    "371": "Failed to compile... PR: 371, commit: 706bb560e45df0d31e0f01895fb209d2685e2bcd",
    "370": "Failed to compile... PR: 370, commit: 9453e05559731a4f20e720fa268e25c0040b80c0",
    "369": "Failed to compile... PR: 369, commit: 9453e05559731a4f20e720fa268e25c0040b80c0",
    "368": "Failed to compile... PR: 368, commit: 9453e05559731a4f20e720fa268e25c0040b80c0",
    "367": "Failed to compile... PR: 367, commit: 632f19eab32416168ad0e4611b9e130aaea4c2fa",
    "366": "Failed to compile... PR: 366, commit: 632f19eab32416168ad0e4611b9e130aaea4c2fa",
    "363": "Failed to compile... PR: 363, commit: 570f8c3e67001c17b5fa6049945f187dd40c6696",
    "361": "Failed to compile... PR: 361, commit: 651eac2c57396aa11ee65002006b3123dd69cbb4",
    "360": "Failed to compile... PR: 360, commit: daf9bd1b3d8a9a18638abd974dfe77901a24f447",
    "359": "Failed to compile... PR: 359, commit: b7d64f3a01b0c18b2f81b46e1117c05b756d5e2b",
    "358": "Failed to compile... PR: 358, commit: b0dd7c1c0dd099b9a43d735c9e5d54996920d281",
    "355": "Failed to compile... PR: 355, commit: bb9ce7582b5b8e021eb458527777db07594e5739",
    "354": "Failed to compile... PR: 354, commit: b23bfd42d24868045ee826a1651ec98fb35e470b",
    "352": "Failed to compile... PR: 352, commit: 47a8a21da276ca1f2521685f7445330be84c66ee",
    "347": "Failed to compile... PR: 347, commit: 02625740952b1e673402e21d52320fe41dbda500",
    "346": "Failed to compile... PR: 346, commit: 6797dd8914d824757eb14fd2e6f57a8f1e9fe84a",
    "345": "Failed to compile... PR: 345, commit: 6797dd8914d824757eb14fd2e6f57a8f1e9fe84a",
    "343": "Failed to compile... PR: 343, commit: 30cb56a414e781c66edc4577a6320546e0d8030b",
    "342": "Failed to compile... PR: 342, commit: d460d71498408603b4f653650ba405a67c002517",
    "341": "Failed to compile... PR: 341, commit: aff4d46835c61671f0e5b2d792326162f30a8b6e",
    "332": "Failed to compile... PR: 332, commit: 9466b615abbe4bccc5cf76ad54112128ce011e9d",
    "328": "Failed to compile... PR: 328, commit: 8988d576445dd63a3e1b4291ac45180f30a31544",
    "322": "Failed to compile... PR: 322, commit: 8988d576445dd63a3e1b4291ac45180f30a31544",
    "315": "Failed to compile... PR: 315, commit: c9f279ec2e0588d287af3c625e0ef1308a2ea28f",
    "314": "Failed to compile... PR: 314, commit: cb0ac7c4402f3c1143b54fbf98ea13b7cbcd41ee",
    "310": "Failed to compile... PR: 310, commit: 45161e88f95035c63e799213ee529e923a7decc1",
    "309": "Failed to compile... PR: 309, commit: 45161e88f95035c63e799213ee529e923a7decc1",
    "296": "Failed to compile... PR: 296, commit: 360927931ca3d2497dd5560165741236a3261935",
    "295": "Failed to compile... PR: 295, commit: 28f0881e2d152f9efe8180b82cfe7c53b4ff0d08",
    "291": "Failed to compile... PR: 291, commit: 360927931ca3d2497dd5560165741236a3261935",
    "281": "Failed to compile... PR: 281, commit: 32c8f6f8118fd7dea97b1d0a0d76535c29a44809",
    "273": "Failed to compile... PR: 273, commit: 56d86a485b35f1d38ad5938d3cacb41b04933962",
    "272": "Failed to compile... PR: 272, commit: 8d341df2dbbfb78b106d0c0a47fbbb8b5a15b584",
    "271": "Failed to compile... PR: 271, commit: 11de8810e4bd2b4077e357b684a87c6a46e4f242",
    "270": "Failed to compile... PR: 270, commit: 8832fb939479cb5fa54dd8931bf221cea37f8960",
    "267": "Failed to compile... PR: 267, commit: af3ee0747410ffb64448e933888ff4a15d72fe10",
    "266": "Failed to compile... PR: 266, commit: af3ee0747410ffb64448e933888ff4a15d72fe10",
    "265": "Failed to compile... PR: 265, commit: af3ee0747410ffb64448e933888ff4a15d72fe10",
    "261": "Failed to compile... PR: 261, commit: 5e195c1bd8972743b041897fabdc7aa81163377d",
    "260": "Failed to compile... PR: 260, commit: f4d7dbe88e3dfd5e3ebe908e6543d09b6f89efce",
    "258": "Failed to compile... PR: 258, commit: bb27870f689675ab4f0ed19b3ddf0ec8eef0dbde",
    "254": "Failed to compile... PR: 254, commit: 13d9053050c9e4fb2ef049db6a37d3f6eebf48fa",
    "253": "Failed to compile... PR: 253, commit: 3e29573a2e5ddf7b948ebe622a01d0fbc20a0b5b",
    "252": "Failed to compile... PR: 252, commit: 3e29573a2e5ddf7b948ebe622a01d0fbc20a0b5b",
    "250": "Failed to compile... PR: 250, commit: daac47ee62e8ca63f769e03c1936a4858ddfe7f9",
    "249": "Failed to compile... PR: 249, commit: b3e51d8a3f35cca7975c517e25288df3211e2b18",
    "248": "Failed to compile... PR: 248, commit: 88c2d216e3ab5b7b09250ffb57a84c73353a6563",
    "246": "Failed to compile... PR: 246, commit: 6420f4068f8ddbc54c022fb57d3bed881934b6a6",
    "245": "Failed to compile... PR: 245, commit: 88c2d216e3ab5b7b09250ffb57a84c73353a6563",
    "244": "Failed to compile... PR: 244, commit: 65fb0d4a444f080f994d5bbf14ddc672d5da76b5",
    "243": "Failed to compile... PR: 243, commit: 0b41b68da4ace44614a6eb935d3ee198f6c94a98",
    "242": "Failed to compile... PR: 242, commit: 83c0f1cd1e6cde6c621bd707fe17a12faf818cec",
    "241": "Failed to compile... PR: 241, commit: 7bb1ea25e0948b67a47d19dfca89b1f6cf2f4f45",
    "236": "Failed to compile... PR: 236, commit: 61ed292b8c2fd8228d18b82a5c55ddc72f40bdd3",
    "232": "Failed to compile... PR: 232, commit: 5c76015ccd22e12d0482560c2e20e766d3428189",
    "229": "Failed to compile... PR: 229, commit: 635786708281b622a6f8f3f52d1d546bf304998f",
    "227": "Failed to compile... PR: 227, commit: 30fafe4ddb4ee1612d73046bfce5f34bd36d1cbf",
    "224": "Failed to compile... PR: 224, commit: 6c0d719a8a2d7f56b00f9373ac1ea1b660c2310b",
    "223": "Failed to compile... PR: 223, commit: 1698d2da762f24082b91ad84e69c44a018aa7999",
    "222": "Failed to compile... PR: 222, commit: 1698d2da762f24082b91ad84e69c44a018aa7999",
    "221": "Failed to compile... PR: 221, commit: dcadfeb2c01b006a0198551ea84c7ac674220f2f",
    "217": "Failed to compile... PR: 217, commit: c41a0167ddccbbda7fcacdd691d2b09a9d0de53a",
    "216": "Failed to compile... PR: 216, commit: 1f5d29ac68490fbd45235ed3e940a1be3108363f",
    "215": "Failed to compile... PR: 215, commit: 1b15cfdfc684cc9ff5027b6299e0b51fcbea516f",
    "214": "Failed to compile... PR: 214, commit: b4ca6ceec9cd35c858252e4cc852d845404cda69",
    "211": "Failed to compile... PR: 211, commit: f929673a915175391a101bac6e15c41071e985fa",
    "210": "Failed to compile... PR: 210, commit: 9260720568cee9e868d2899228eceed0c3359323",
    "208": "Failed to compile... PR: 208, commit: eb6ea7656720650dcd54aa8739b7284cd46286c4",
    "206": "Failed to compile... PR: 206, commit: a3180e3069b225ec857d39d66c3629cd757345ce",
    "205": "Failed to compile... PR: 205, commit: 9beb94013602e443fd90b82b9b9afb416c0bf3e3",
    "203": "Failed to compile... PR: 203, commit: c3b85aef7c2cacc58432fd94ec52a512177439bc",
    "202": "Failed to compile... PR: 202, commit: e23197ab1b343e15f2bb1f4e21257db6cf83d3ba",
    "201": "Failed to compile... PR: 201, commit: 29b29a9c64aa4700b0f3c52f250ef27a9dc67516",
    "200": "Failed to compile... PR: 200, commit: a66f92c66d9cb039716d7e6e893d2f3ed404e076",
    "199": "Failed to compile... PR: 199, commit: ff903e7754bfdd30ec5fc681f625ce4d68aaca1a",
    "198": "Failed to compile... PR: 198, commit: cd0773fb1b7ed33dcb9290ea5233dba60316a64f",
    "197": "Failed to compile... PR: 197, commit: 7a251ddca92eaac6d56f9768d95df45271f51f11",
    "196": "Failed to compile... PR: 196, commit: 67b7fc3f3e57dbe94f4f607ba3b44edc69e55065",
    "195": "Failed to compile... PR: 195, commit: eddab32e7526ad2ad56a247988ab7e2655bccc9f",
    "194": "Failed to compile... PR: 194, commit: c4bd87e51074374c08b0b05d7b708aa9a5b7d257",
    "193": "Failed to compile... PR: 193, commit: 8b608e334aecdce558e9d98531e3ffa8c5538905",
    "192": "Failed to compile... PR: 192, commit: 4738d1d80228f86da880ed207294349566a260a2",
    "191": "Failed to compile... PR: 191, commit: 80698ed516ff83d02149c58b03246945f6316eae",
    "190": "Failed to compile... PR: 190, commit: 80698ed516ff83d02149c58b03246945f6316eae",
    "189": "Failed to compile... PR: 189, commit: 705887272356956587b23335c8bf2334e73d6cce",
    "187": "Failed to compile... PR: 187, commit: a2824b7c87659c0c8f8cfc4b1b1fe2cc60b19138",
    "186": "Failed to compile... PR: 186, commit: 09ede581508f317ff5e70df484c302facb44f2cf",
    "185": "Failed to compile... PR: 185, commit: 47a4a57d2d7fc4d5ab1765f6bd31bf1b0f0d583c",
    "184": "Failed to compile... PR: 184, commit: 47a4a57d2d7fc4d5ab1765f6bd31bf1b0f0d583c",
    "181": "Failed to compile... PR: 181, commit: cde63169f0b8717fc29355509f5ac365a843993a",
    "180": "Failed to compile... PR: 180, commit: a4439376b806fa73f96f469315d51ad83591b796",
    "179": "Failed to compile... PR: 179, commit: e9fe38608acf7f570e6494849f90a806cfce7fe0",
    "178": "Failed to compile... PR: 178, commit: 5325f7834beeb75f960bad0d3fa729cd9141e42e",
    "177": "Failed to compile... PR: 177, commit: e9fe38608acf7f570e6494849f90a806cfce7fe0",
    "176": "Failed to compile... PR: 176, commit: 10027dae424231aeb6b7a4110ddc3c308bd2038b",
    "175": "Failed to compile... PR: 175, commit: 0ae6aa84eed74fefd5dbfd1407d61023000140d9",
    "174": "Failed to compile... PR: 174, commit: 726a0391e43b890587181a2a9ca95fdc4ac0f02d",
    "173": "Failed to compile... PR: 173, commit: 3fa7aa92174972427900c9e13a265782de19944f",
    "172": "Failed to compile... PR: 172, commit: 3fa7aa92174972427900c9e13a265782de19944f",
    "171": "Failed to compile... PR: 171, commit: 4ce603b484a5092d58d7ff3d77262953be7d2843",
    "169": "Failed to compile... PR: 169, commit: 9f5082615ede714618c8694c418210d43338daf6",
    "168": "Failed to compile... PR: 168, commit: 4dfc8a2d6a537c5a3028866617981c9c5165dae1",
    "167": "Failed to compile... PR: 167, commit: 39bdb99a116080a56242dc33303c4ab6d2b28f8f",
    "164": "Failed to compile... PR: 164, commit: c9bdb24bf9fa3f95b82ef88e0b16f8ac756997fd",
    "163": "Failed to compile... PR: 163, commit: c9bdb24bf9fa3f95b82ef88e0b16f8ac756997fd",
    "162": "Failed to compile... PR: 162, commit: 19494718865f2fb7da5ea363de3822f87fbda264",
    "161": "Failed to compile... PR: 161, commit: c9d20b573efbdd74e683c767663b2bd02cea5fd7",
    "160": "Failed to compile... PR: 160, commit: c9d20b573efbdd74e683c767663b2bd02cea5fd7",
    "159": "Failed to compile... PR: 159, commit: 744c1f409d983641af3e8e3b573c2f2d2c2c6d9c",
    "158": "Failed to compile... PR: 158, commit: a64da53d5770c5404ee5eb390b826f5733171f5f",
    "157": "Failed to compile... PR: 157, commit: 9d47af6ffa355977b5acc713e6d1f25fac260a28",
    "156": "Failed to compile... PR: 156, commit: 7f90a4fec9e6718621c4f195fe7a334d43d8a2bb",
    "154": "Failed to compile... PR: 154, commit: 8cc56b2974e5c744954b110e645f61f18e0b12ab",
    "153": "Failed to compile... PR: 153, commit: f5ade7dc68a678151082a6f6abd9e309ddd4c317",
    "151": "Failed to compile... PR: 151, commit: 06c858386760687e276bb5bd310996ad633990a2",
    "148": "Failed to compile... PR: 148, commit: b5be431f540271685eed803c7e55bf5a4d3138e6",
    "147": "Failed to compile... PR: 147, commit: ae5630197980fe431f84eb26523f3b23b71f91bc",
    "146": "Failed to compile... PR: 146, commit: 4c386c663cf094a6d40d90c56c5983e14d518c26",
    "145": "Failed to compile... PR: 145, commit: 9e8627ca669ec566bbedd638fc6010e8ae364160",
    "144": "Failed to compile... PR: 144, commit: 4c386c663cf094a6d40d90c56c5983e14d518c26",
    "143": "Failed to compile... PR: 143, commit: 4c386c663cf094a6d40d90c56c5983e14d518c26",
    "142": "Failed to compile... PR: 142, commit: 843693fdd4e53347636872ab881c770e7cc3b6e0",
    "140": "Failed to compile... PR: 140, commit: 2fb431d97e479881cace53d4dc387a961b52f575",
    "139": "Failed to compile... PR: 139, commit: 2fb431d97e479881cace53d4dc387a961b52f575",
    "138": "Failed to compile... PR: 138, commit: 20eced95008a9e08a20a59f287115ede00268897",
    "137": "Failed to compile... PR: 137, commit: 2e23d7a07ea4313136dc38b8de2451b04c882064",
    "135": "Failed to compile... PR: 135, commit: bbd4a9e8c567265c0eb376c0f8a3445f4d9a5fdf",
    "134": "Failed to compile... PR: 134, commit: 787150d041e32e8e579df5d44c1258881fad6c94",
    "131": "Failed to compile... PR: 131, commit: 3e76564d3ce8d5b4a3938efd3a76c521eb045f38",
    "130": "Failed to compile... PR: 130, commit: 0813eaa0c8f446404243fba87cde51a619643cb9",
    "128": "Failed to compile... PR: 128, commit: 158eda97834645a542e81d7414b67f8285042b8b",
    "124": "Failed to compile... PR: 124, commit: 6dcff10a68683a5ffd8f5605d87afd97a231bba2",
    "123": "Failed to compile... PR: 123, commit: 132829cc244d60692e3547c5c40b72e29eea1a9e",
    "122": "Failed to compile... PR: 122, commit: 4b022bfbe5f575908e61d84de885ca171fcca7f3",
    "120": "Failed to compile... PR: 120, commit: f56c59c9829347255f5b161ac97dc51069b61fed",
    "119": "Failed to compile... PR: 119, commit: 9fcf2dfca7fb7a4d95a83665030411fc0c65c85b",
    "117": "Failed to compile... PR: 117, commit: 0023d9664be7299779aa3c997c9ded5a7de6332f",
    "116": "Failed to compile... PR: 116, commit: 0023d9664be7299779aa3c997c9ded5a7de6332f",
    "115": "Failed to compile... PR: 115, commit: 58667e64970c528461cf7c5835f9a253c969f737",
    "113": "Failed to compile... PR: 113, commit: 1af188703781c534925bed5f3ce60d44d8061371",
    "111": "Failed to compile... PR: 111, commit: 7873eb910eeb9094be409d02be6950f9883fba45",
    "110": "Failed to compile... PR: 110, commit: ac10fa9cf5415026a0c6a675bb5903428dd8aef6",
    "107": "Failed to compile... PR: 107, commit: abf7bfa343cd55e2485e0b6ea44f285fc683bbc7",
    "106": "Failed to compile... PR: 106, commit: d06689120df2994401535e092b6ba0e651717f22",
    "102": "Failed to compile... PR: 102, commit: a2de25569770fcab30f589073647272cd6fe8aa7",
    "99": "Failed to compile... PR: 99, commit: 095960b5691d33f127000794b3e79638cf384652",
    "88": "Failed to compile... PR: 88, commit: 24085bdc5a15094b3752d3926f75882ee2a87b54",
    "86": "Failed to compile... PR: 86, commit: 24085bdc5a15094b3752d3926f75882ee2a87b54",
    "85": "Failed to compile... PR: 85, commit: a53deac7ce8732053edd43dddac329448055aef0",
    "82": "Failed to compile... PR: 82, commit: 3163d6c38b4a6f4f7d6e5447476934beebb398fe",
    "81": "Failed to compile... PR: 81, commit: 3163d6c38b4a6f4f7d6e5447476934beebb398fe",
    "75": "Failed to compile... PR: 75, commit: d923c7c4f2c7a674949c623350cd8948869ea987",
    "72": "Failed to compile... PR: 72, commit: a4f8d492144a62af2a7d5e934e62d737bdfc8058",
    "65": "Failed to compile... PR: 65, commit: 8aebdc3e6f059ebc93db49692c21ddad7f1d0445",
    "63": "Failed to compile... PR: 63, commit: ac4199e0d89a763de7bfcd7c9176c09c375e1c57",
    "62": "Failed to compile... PR: 62, commit: 70b1b2c497e929a3403c2bde0f8bec46dec8ccf9",
    "61": "Failed to compile... PR: 61, commit: 30fd44f0efde6e34be6a749a9b8e60d34ed4c745",
    "60": "Failed to compile... PR: 60, commit: f19e4be947c00511a91ea2d806c9c483694f7485",
    "57": "Failed to compile... PR: 57, commit: afb0c2a228b2590a0c26fa529517c929163614b7",
    "56": "Failed to compile... PR: 56, commit: afb0c2a228b2590a0c26fa529517c929163614b7",
    "55": "Failed to compile... PR: 55, commit: 41dd070eda52a72193b9bbf00b9d1f6343dcc5cc",
    "54": "Failed to compile... PR: 54, commit: 41dd070eda52a72193b9bbf00b9d1f6343dcc5cc",
    "52": "Failed to compile... PR: 52, commit: 9638d7adaa9aaed3473e17c9291abdc3421a868a",
    "51": "Failed to compile... PR: 51, commit: 6fbdab1848821b54f3d84981fcd1507f5abd5d92",
    "50": "Failed to compile... PR: 50, commit: 4cd9a74cb8efa8dc0d3c57ac267a70b0538f3bf0",
    "48": "Failed to compile... PR: 48, commit: 4286d6a9dcf2fdf91924b817b60e7f00823b0ee2",
    "47": "Failed to compile... PR: 47, commit: 77691563b9b8d2ad01c078a66d1ed207bf3611b3",
    "45": "Failed to compile... PR: 45, commit: d0a25d688aedee99d31f06e94fc4fac6fad4227c",
    "43": "Failed to compile... PR: 43, commit: 356b5c57b269e6ba7cfe267d4517e5f7a27ce200",
    "41": "Failed to compile... PR: 41, commit: 72e6f70733bc4feb2138a21a04dfd0d6bfe51cac",
    "36": "Failed to compile... PR: 36, commit: 76ea79f38a5e9efbebdf9e7a966795e2deb5bc9f",
    "34": "Failed to compile... PR: 34, commit: 312a2717cf2f7094e42a83f7f05cb493c3d393c8",
    "33": "Failed to compile... PR: 33, commit: 243378937969e5caeeeefc2bd98ce799a995e431",
    "32": "Failed to compile... PR: 32, commit: 5f2898eadf8a731a0f47bb329bdc09a2bdfb5da2",
    "30": "Failed to compile... PR: 30, commit: 266f83f15ca8338047a0bdb34a38ebfc8c894a6a",
    "29": "Failed to compile... PR: 29, commit: d2663cedd264a5b26bc1b12035aff7b32e138f78",
    "28": "Failed to compile... PR: 28, commit: 381e92757520af833c6cd94dc383a1206296f52d",
    "27": "Failed to compile... PR: 27, commit: 587e3a41b1d306eb246aa39d71dce469f4e50e9d",
    "23": "Failed to compile... PR: 23, commit: ff17307afc1c3264d5abbb9beaf0690f0a471e68",
    "22": "Failed to compile... PR: 22, commit: d749bb8f7a4d7b0007e088385d8a0c9387d63618",
    "20": "Failed to compile... PR: 20, commit: c826d97cafafc9ce54e15745b23cd211e233c2fa",
    "17": "Failed to compile... PR: 17, commit: 63de7730ee2be146e90227ed067ed108f4a2a534",
    "13": "Failed to compile... PR: 13, commit: 63897e83d98b4844982c2d96c3d20b4216ece28a",
    "7": "Failed to compile... PR: 7, commit: 3ceb3b973ea53a5e0f8f2c3b772eb50daee6aec0",
    "6": "Failed to compile... PR: 6, commit: 3ceb3b973ea53a5e0f8f2c3b772eb50daee6aec0"
}