{
    "2492": "Failed to compile... PR: 2492, commit: 5a8b42f916b2253543039e80ac070cb4161fee6b",
    "2443": "Failed to compile... PR: 2443, commit: 042f0bd3502ccd6d64fbd0a5ba6e94e83dc2cc53",
    "2412": "Failed to compile... PR: 2412, commit: 8e395307db57a332171ffdcf1aa9f2d9d2ec0e46",
    "2381": "Failed to compile... PR: 2381, commit: df6f17653dcc810a5a5d86c73faa2893a02d5009",
    "2363": "Failed to compile... PR: 2363, commit: 7accd2afd16b0046120d44b0abbebc1b6af66b42",
    "2334": "Failed to compile... PR: 2334, commit: 6332b87daefa33d687dd315391880e240f98ac48",
    "2333": "Failed to compile... PR: 2333, commit: 0bb828cd89b5781a07341737050f42c74710dd3a",
    "2309": "Failed to compile... PR: 2309, commit: 7ff909685f9f7ced94d00b8232b8d1ca04bffaee",
    "2282": "Failed to compile... PR: 2282, commit: 77eec53aa600c4468e22f7bed785d0c26f684fb1",
    "2263": "Failed to compile... PR: 2263, commit: d67090a5f9bb898b5269f4f5d8394ddc9510ec6d",
    "2233": "Failed to compile... PR: 2233, commit: e2e4ced98e06c3589f1604e851b9bc318e4873eb",
    "2232": "Failed to compile... PR: 2232, commit: eaa3300e430422ecc7c822c927c84692a8f57c4e",
    "2228": "Failed to compile... PR: 2228, commit: d961de4fa797d7f41cb0001db59a60f0f935d393",
    "2220": "Failed to compile... PR: 2220, commit: 9a6f564d6cc15ad3e0fe4bc037c3c8630e9fa3e8",
    "2189": "Failed to compile... PR: 2189, commit: 6a3a9745bf28e7dd2557528a29b09075e2fedab1",
    "2152": "Failed to compile... PR: 2152, commit: bb5470880edcab4adbde591f170af56ca1a838b3",
    "2098": "Failed to compile... PR: 2098, commit: 4a947d55b9b8fc04944f8ad2589394fbc87ba376",
    "2080": "Failed to compile... PR: 2080, commit: e41f84393c491e5e525c1268ef2f22f3b5d0d24e",
    "2055": "Failed to compile... PR: 2055, commit: 3999666a3c2cec8426510804d7b18cdcc8fdcb78",
    "2050": "Failed to compile... PR: 2050, commit: a307fc28428b2e000febd98e4db678107d766f81",
    "2037": "Failed to compile... PR: 2037, commit: de722e4ceb10200d7cd7f6c66965a8f3a601a0d0",
    "2464": "Failed to run sonar... PR: 2464, commit: e237006d0f5ff62d08f3469e78950ae0ff5487bb",
    "2458": "Failed to run sonar... PR: 2458, commit: e237006d0f5ff62d08f3469e78950ae0ff5487bb",
    "2370": "Failed to run sonar... PR: 2370, commit: bbe2de8a8c00eb0b7cc01766ac6e6db672bf8444",
    "2368": "Failed to compile... PR: 2368, commit: b8c318c6a4fcf3bc0301121f9f8bb80ca19fec24",
    "2102": "Failed to run sonar... PR: 2102, commit: 631386de49bbc351411ce0e3c49982f1df998fe9"
}