{
    "554": "Failed to compile... PR: 554, commit: 5ab64af469a546a80e42eb411e1de1cc5cf2af84",
    "477": "Failed to compile... PR: 477, commit: e7263557ada45fa69f9e2622a9eab694eff9da1d",
    "469": "Failed to compile... PR: 469, commit: 9faaaddbc184128aed25a507e56b8ec95dfd6241",
    "465": "Failed to compile... PR: 465, commit: 9faaaddbc184128aed25a507e56b8ec95dfd6241",
    "464": "Failed to compile... PR: 464, commit: 6b584a412e0ca2a9dd0e1c41079fd3fbcd960fe7",
    "463": "Failed to compile... PR: 463, commit: 9faaaddbc184128aed25a507e56b8ec95dfd6241",
    "461": "Failed to compile... PR: 461, commit: 056ce2a1ec10578d163514728763ffb2cd37af6c",
    "460": "Failed to compile... PR: 460, commit: 8d81ef96b65181cde3e040304301584377568dc5",
    "458": "Failed to compile... PR: 458, commit: 2e11cd0e093b97b8f4dda023f92991cf4fb1b7d7",
    "457": "Failed to compile... PR: 457, commit: c62d44169bf8b9ab362d326de9c6d388d928f031",
    "456": "Failed to compile... PR: 456, commit: f499a7f54a2cccbed8cdb3e1a206bee66f5e88f5",
    "454": "Failed to compile... PR: 454, commit: 6637286f6feee7c9c7025d36c0d4a90e43ff6aac",
    "448": "Failed to compile... PR: 448, commit: 68901e4c908e59f02c64115b5042f76ca71171e1",
    "443": "Failed to compile... PR: 443, commit: 5209b9f533ab5f2ac97d31eeb3d1dd2c4dbd64d8",
    "442": "Failed to compile... PR: 442, commit: 5209b9f533ab5f2ac97d31eeb3d1dd2c4dbd64d8",
    "439": "Failed to compile... PR: 439, commit: 5a6cd573cdc7df9af1deae279f7769f8a5e43fff",
    "438": "Failed to compile... PR: 438, commit: b3ae66d55e54dcd01b93397e14cafeae032483a9",
    "436": "Failed to compile... PR: 436, commit: 5c07bb33430b45265823f06df049c1d36e1f2cef",
    "434": "Failed to compile... PR: 434, commit: 823c8ececf6eb8c00e6a33d8b5913c5e227076cf",
    "430": "Failed to compile... PR: 430, commit: 666c8c2689ebb33e805050c0daeec867f42bf78e",
    "428": "Failed to compile... PR: 428, commit: 3de3378c394a56d9a8c332698a950370b4b7b2bd",
    "427": "Failed to compile... PR: 427, commit: 078ebf4bcd617f64cd6fafeb4d624fde48ebb246",
    "425": "Failed to compile... PR: 425, commit: fd8eaa2a823a72d957cd111d54c64c492c59baf0",
    "424": "Failed to compile... PR: 424, commit: d02b0a43938b314b608565450cddb9b66e595e28",
    "423": "Failed to compile... PR: 423, commit: f937a356de192854ff694af85797ff0143445bad",
    "422": "Failed to compile... PR: 422, commit: c26e5f9f7d11d1ffe6086797d959a2fbf6621ab7",
    "421": "Failed to compile... PR: 421, commit: 325ecff21a9327150b0656075b0f80086cf815f9",
    "420": "Failed to compile... PR: 420, commit: 70e52c85bcb3241b95ac5e32bada610f436488dd",
    "418": "Failed to compile... PR: 418, commit: 004acb92979f7ab94f45d4ba0a071fc0974b77b9",
    "417": "Failed to compile... PR: 417, commit: 004acb92979f7ab94f45d4ba0a071fc0974b77b9",
    "416": "Failed to compile... PR: 416, commit: 592ecfb41b756cedcc4c3fe54d31773e557860a6",
    "414": "Failed to compile... PR: 414, commit: f8d9c6613da63586080391a192d64adbf6490ca0",
    "413": "Failed to compile... PR: 413, commit: f8d9c6613da63586080391a192d64adbf6490ca0",
    "410": "Failed to compile... PR: 410, commit: 89ecb41e0d23620be10dced778d6844ae5069a9c",
    "409": "Failed to compile... PR: 409, commit: 89ecb41e0d23620be10dced778d6844ae5069a9c",
    "405": "Failed to compile... PR: 405, commit: d379c72d3f1a6d5ddc9a08b429de6c60b7aaf831",
    "404": "Failed to compile... PR: 404, commit: d379c72d3f1a6d5ddc9a08b429de6c60b7aaf831",
    "402": "Failed to compile... PR: 402, commit: fdc03b94e66877c18fc04e71ec9235b533aa8c3c",
    "401": "Failed to compile... PR: 401, commit: a8c2c79a01a72fcb56dafbbbd7f4844df4185480",
    "399": "Failed to compile... PR: 399, commit: 400cabe27c23e9f82997fa56888fe0487f443b36",
    "398": "Failed to compile... PR: 398, commit: e60ce41fbe0b5bce0c6132dc25d3c5eda2516fb7",
    "396": "Failed to compile... PR: 396, commit: 597376ae558b9a0c5ddc4390da188b9530204e3d",
    "394": "Failed to compile... PR: 394, commit: 8d5f37cf1b73bcb7800dcf81b278b8a77a286201",
    "393": "Failed to compile... PR: 393, commit: 362c9bfa1e667ce871e1de83651fbd172995338d",
    "392": "Failed to compile... PR: 392, commit: 7fc1031280998b3c7ebdf1e7fa49a34ad888e600",
    "390": "Failed to compile... PR: 390, commit: 362c9bfa1e667ce871e1de83651fbd172995338d",
    "387": "Failed to compile... PR: 387, commit: 7f02a3e3c14903d055b34173ffc59b78a5fc052b",
    "381": "Failed to compile... PR: 381, commit: bd5dd0247627e3789e1e620f9caa19b971514926",
    "379": "Failed to compile... PR: 379, commit: 933e42f40b3a09e074d5297fcd62d97add6efdca",
    "378": "Failed to compile... PR: 378, commit: 933e42f40b3a09e074d5297fcd62d97add6efdca",
    "377": "Failed to compile... PR: 377, commit: d0b4244748b8e5fc579587b8711085c1d58de011",
    "375": "Failed to compile... PR: 375, commit: 0e9145dc57d57cf9bc80a33d6a709e6bca35b86c",
    "374": "Failed to compile... PR: 374, commit: 0e9145dc57d57cf9bc80a33d6a709e6bca35b86c",
    "373": "Failed to compile... PR: 373, commit: afee809eb04adf4ffe08e94516c57bad4df4f44e",
    "371": "Failed to compile... PR: 371, commit: 0f900adfb72bdccb6bc8ce3ed3bd1fa3bc163155",
    "370": "Failed to compile... PR: 370, commit: 6a6268912174638fe131ad69d41c4866e888fa70",
    "369": "Failed to compile... PR: 369, commit: 369610433e8ca7bb73cb096e9b9e5553e717da04",
    "367": "Failed to compile... PR: 367, commit: 56e15563ade026a4c8445ce6016b04dcd63c1497",
    "366": "Failed to compile... PR: 366, commit: f56d386326a6bf3308adfa6d99f940f70ec0caaa",
    "365": "Failed to compile... PR: 365, commit: fe9b2de68b542bf104e50ff000c94e81a2f0a79a",
    "364": "Failed to compile... PR: 364, commit: 9e720f759f92565c99880cc88bd3340f8ad27f3f",
    "363": "Failed to compile... PR: 363, commit: 90bf5a77dff73b1d365836ad29bdefe6d058f56a",
    "362": "Failed to compile... PR: 362, commit: 9729bdc40caa979a1688034b52fba7294f119033",
    "361": "Failed to compile... PR: 361, commit: 835d1d451b57e9c5ce848ed315ec54463bc631aa",
    "360": "Failed to compile... PR: 360, commit: 4d42e267980035b3c3985e7fd4dc5808347b6e48",
    "359": "Failed to compile... PR: 359, commit: 988937524528f588464df42a4cbd1482452d9643",
    "357": "Failed to compile... PR: 357, commit: 9ea878c02d760c42424588821828161d8f481ebb",
    "356": "Failed to compile... PR: 356, commit: 34ad5252c13541f62dbb25d673d59769b58b9e17",
    "355": "Failed to compile... PR: 355, commit: 560086e249408bca4c5d429a3c437ae9ba9d5394",
    "354": "Failed to compile... PR: 354, commit: c75d4b9e94bdb84ccc7115e7231e64928c20db7e",
    "352": "Failed to compile... PR: 352, commit: 9bdc6e90f4181f76950da60e2808e027cae5ea80",
    "351": "Failed to compile... PR: 351, commit: 86396c9f400ceffc1ae8c3e99b667fe21eae63db",
    "350": "Failed to compile... PR: 350, commit: e6ba48c490d8d79ff231c7a8c9fc6d392e8098fe",
    "349": "Failed to compile... PR: 349, commit: 2ee1782cad651e355d2653030a47a4e01b6d00b7",
    "348": "Failed to compile... PR: 348, commit: b580bdad32875bec793b6d46bed3a75ac661641f",
    "347": "Failed to compile... PR: 347, commit: b580bdad32875bec793b6d46bed3a75ac661641f",
    "346": "Failed to compile... PR: 346, commit: 60c5a6a681d8306e913daa275643afed4330d57e",
    "345": "Failed to compile... PR: 345, commit: 8f6cfd7966ab09166fc6c07b18cc4ed6eb624e10",
    "344": "Failed to compile... PR: 344, commit: 8f6cfd7966ab09166fc6c07b18cc4ed6eb624e10",
    "338": "Failed to compile... PR: 338, commit: 62bf6c4f914da4ef1714217ca122f82f4efbcd19",
    "337": "Failed to compile... PR: 337, commit: 98541384b35f5a70d9eaf8e8d50d312cb9d77098",
    "336": "Failed to compile... PR: 336, commit: 18c72d34710646bed3c51a6b64285a597a56c2b6",
    "335": "Failed to compile... PR: 335, commit: 97e7baadf6f74b3de5b8ef1d057cbc1cbe5d0e90",
    "334": "Failed to compile... PR: 334, commit: 20b166a260797a527afb6b637bde98cb590f9faa",
    "333": "Failed to compile... PR: 333, commit: a07bba5542a79f534b80bab28de2b1354a52d593",
    "332": "Failed to compile... PR: 332, commit: 20b166a260797a527afb6b637bde98cb590f9faa",
    "330": "Failed to compile... PR: 330, commit: 7d9d2c00fcf8bc358d9cd197e50ef67c38d3c738",
    "329": "Failed to compile... PR: 329, commit: c93531476d70e4236ed6e67f87442543db2420d0",
    "328": "Failed to compile... PR: 328, commit: d3fa7b75bacdb92cecbc6c4a1dc8e6250c1718ee",
    "326": "Failed to compile... PR: 326, commit: d3fa7b75bacdb92cecbc6c4a1dc8e6250c1718ee",
    "325": "Failed to compile... PR: 325, commit: f8d8e50ec48b7a70463b3593bbdcd77542af77c1",
    "324": "Failed to compile... PR: 324, commit: 3285651e0c09f3ca60be8c771fc922c970150055",
    "319": "Failed to compile... PR: 319, commit: adcbf1322b4ae1af24ed772d28f1645c18153ba4",
    "318": "Failed to compile... PR: 318, commit: 6221d5ec6070fa496357867e569fb1f0363f9e68",
    "317": "Failed to compile... PR: 317, commit: 6221d5ec6070fa496357867e569fb1f0363f9e68",
    "316": "Failed to compile... PR: 316, commit: 6221d5ec6070fa496357867e569fb1f0363f9e68",
    "315": "Failed to compile... PR: 315, commit: 6221d5ec6070fa496357867e569fb1f0363f9e68",
    "311": "Failed to compile... PR: 311, commit: 69b731bf4bfa90f975b5982bfec2147515f9b4c3",
    "310": "Failed to compile... PR: 310, commit: 36faff5750169a914b4d08c25ebf6b8186c17277",
    "308": "Failed to compile... PR: 308, commit: 36faff5750169a914b4d08c25ebf6b8186c17277",
    "307": "Failed to compile... PR: 307, commit: 36faff5750169a914b4d08c25ebf6b8186c17277",
    "306": "Failed to compile... PR: 306, commit: 36faff5750169a914b4d08c25ebf6b8186c17277",
    "303": "Failed to compile... PR: 303, commit: 36faff5750169a914b4d08c25ebf6b8186c17277",
    "302": "Failed to compile... PR: 302, commit: 0afdecb44c06edbcc545bc68d48be59dcef006d4",
    "300": "Failed to compile... PR: 300, commit: 8d4c83abed024fc3a698148a122429022b89b590",
    "299": "Failed to compile... PR: 299, commit: 8d4c83abed024fc3a698148a122429022b89b590",
    "298": "Failed to compile... PR: 298, commit: 8d4c83abed024fc3a698148a122429022b89b590",
    "297": "Failed to compile... PR: 297, commit: 22c2e789e381113e069336357df9acb41420ffe2",
    "296": "Failed to compile... PR: 296, commit: 30041fe958bbfc2a417732d22396081bd201621d",
    "295": "Failed to compile... PR: 295, commit: 22c2e789e381113e069336357df9acb41420ffe2",
    "293": "Failed to compile... PR: 293, commit: 21732820a38c9d8c32b0b311b8edf53a320d91ff",
    "290": "Failed to compile... PR: 290, commit: d2fb2de463a19a0e00f076547d3a7f630505ba9b",
    "288": "Failed to compile... PR: 288, commit: 17063b89f1fe8fb28c5790e2db74b50f3c48f03d",
    "287": "Failed to compile... PR: 287, commit: 17063b89f1fe8fb28c5790e2db74b50f3c48f03d",
    "285": "Failed to compile... PR: 285, commit: 67aad8a98b112a1cb00274196261a3903a49a8a6",
    "284": "Failed to compile... PR: 284, commit: 67aad8a98b112a1cb00274196261a3903a49a8a6",
    "283": "Failed to compile... PR: 283, commit: 67aad8a98b112a1cb00274196261a3903a49a8a6",
    "282": "Failed to compile... PR: 282, commit: 67aad8a98b112a1cb00274196261a3903a49a8a6",
    "281": "Failed to compile... PR: 281, commit: 67aad8a98b112a1cb00274196261a3903a49a8a6",
    "280": "Failed to compile... PR: 280, commit: 4aec5a878e993e6cd531534d324dd2842a20a2c3",
    "279": "Failed to compile... PR: 279, commit: 87d7e89b90f70a71d740dd22ff3d7c7064289de3",
    "278": "Failed to compile... PR: 278, commit: 23732634d0db1e1a4ea1578e6af51318e44c6c8f",
    "277": "Failed to compile... PR: 277, commit: fd0d06ec99713d1cd48e9e3367d3f8faf8066a4d",
    "275": "Failed to compile... PR: 275, commit: 193c6aa4f6221efc7ac9d436fca50e865d63c229",
    "274": "Failed to compile... PR: 274, commit: 8b48c7c6f327e22877a8ddf9b547dea6179fba8f",
    "272": "Failed to compile... PR: 272, commit: 1525bc740fa0f61b77ce7f865be28aa7b0a576dd",
    "270": "Failed to compile... PR: 270, commit: edcfb7b1f46624dc9bdc6133a4e87d410076c23a",
    "269": "Failed to compile... PR: 269, commit: b7189498dbbee1edb11d92183223d451b0f48b11",
    "267": "Failed to compile... PR: 267, commit: d8a944b0b67fa2ffc2dddb9430a65dd18d3f3fdb",
    "266": "Failed to compile... PR: 266, commit: 750d3d551913f5c8cb325f6075853627668e5f55",
    "265": "Failed to compile... PR: 265, commit: 023547e6a0faeeb7f151cff3028ff1552c7158c1",
    "263": "Failed to compile... PR: 263, commit: 7f6908c74d9241fb5e68d82a3793cab267629493",
    "262": "Failed to compile... PR: 262, commit: b83cc3e6d4e7134944ea4eb75a765aa739d83f1f",
    "261": "Failed to compile... PR: 261, commit: 0b01512b8e72abe136d1b55e96c5be48de87eca5",
    "256": "Failed to compile... PR: 256, commit: 29c17b08fbeba73190afc887e0d86f3abfb22239",
    "255": "Failed to compile... PR: 255, commit: 8d79f4594a916415d1776d2011b2636712fa4ae2",
    "254": "Failed to compile... PR: 254, commit: 8d79f4594a916415d1776d2011b2636712fa4ae2",
    "253": "Failed to compile... PR: 253, commit: e0b9ebecc873a17baccba9f0e850dfdaddbdbfec",
    "251": "Failed to compile... PR: 251, commit: f181099ba03f61308aa0b055147f22d7c055f534",
    "250": "Failed to compile... PR: 250, commit: 201ccc2ab6a65ffc2c08e76f6191a47ed82d49eb",
    "248": "Failed to compile... PR: 248, commit: 32a17ff004abb4d9cc171088f8ecd3665d2e2021",
    "247": "Failed to compile... PR: 247, commit: 97a518866d7d32bc401c9bc274cd045810622c99",
    "245": "Failed to compile... PR: 245, commit: 2568f02f85ddec9125d98adcf344198f6547a9ce",
    "243": "Failed to compile... PR: 243, commit: f61b163b99733c14ffd7530eb2f3d0dfbdd53960",
    "242": "Failed to compile... PR: 242, commit: 75d126490827e71db1c6fa707256218c3c951840",
    "241": "Failed to compile... PR: 241, commit: bb9f8cdcbda33c01ea9bd6d00028812556ac4536",
    "240": "Failed to compile... PR: 240, commit: 73c4f76403c087a8127d9490ef87866b90ef6301",
    "239": "Failed to compile... PR: 239, commit: 7f7aca813d3eba5eedb9c75567d7f42320a1529b",
    "237": "Failed to compile... PR: 237, commit: f4866e58976576670deb7cb14b5eb6be702e2fec",
    "236": "Failed to compile... PR: 236, commit: f4866e58976576670deb7cb14b5eb6be702e2fec",
    "235": "Failed to compile... PR: 235, commit: f7ef3e40911055e22464de700fa454483085aab5",
    "234": "Failed to compile... PR: 234, commit: 64ef2a5a5d8619ea79fd9da1dcf8f84b5a6c8d49",
    "233": "Failed to compile... PR: 233, commit: d8ffcdf070226bfdf6e05a9bb1e6b802338a0a54",
    "230": "Failed to compile... PR: 230, commit: d8ffcdf070226bfdf6e05a9bb1e6b802338a0a54",
    "229": "Failed to compile... PR: 229, commit: d8ffcdf070226bfdf6e05a9bb1e6b802338a0a54",
    "227": "Failed to compile... PR: 227, commit: c2998127275bba3d41ea0fd6dcffa7727516fe3d",
    "226": "Failed to compile... PR: 226, commit: c2998127275bba3d41ea0fd6dcffa7727516fe3d",
    "225": "Failed to compile... PR: 225, commit: c2998127275bba3d41ea0fd6dcffa7727516fe3d",
    "224": "Failed to compile... PR: 224, commit: c2998127275bba3d41ea0fd6dcffa7727516fe3d",
    "222": "Failed to compile... PR: 222, commit: c2998127275bba3d41ea0fd6dcffa7727516fe3d",
    "221": "Failed to compile... PR: 221, commit: 09b0fdb0097448c8a04049984ff37cdd2d6e6989",
    "220": "Failed to compile... PR: 220, commit: 95f11997f1cba0a0d5ae508a362f071450070d1f",
    "219": "Failed to compile... PR: 219, commit: 09b0fdb0097448c8a04049984ff37cdd2d6e6989",
    "218": "Failed to compile... PR: 218, commit: 09b0fdb0097448c8a04049984ff37cdd2d6e6989",
    "217": "Failed to compile... PR: 217, commit: 09b0fdb0097448c8a04049984ff37cdd2d6e6989",
    "216": "Failed to compile... PR: 216, commit: 09b0fdb0097448c8a04049984ff37cdd2d6e6989",
    "215": "Failed to compile... PR: 215, commit: 09b0fdb0097448c8a04049984ff37cdd2d6e6989",
    "214": "Failed to compile... PR: 214, commit: 47222e41c5528d2ecf14a0cc4c2d43bcd5687a45",
    "213": "Failed to compile... PR: 213, commit: 09b0fdb0097448c8a04049984ff37cdd2d6e6989",
    "212": "Failed to compile... PR: 212, commit: 09b0fdb0097448c8a04049984ff37cdd2d6e6989",
    "211": "Failed to compile... PR: 211, commit: 09b0fdb0097448c8a04049984ff37cdd2d6e6989",
    "210": "Failed to compile... PR: 210, commit: 652004ed2ec09d917cd7be2e5389091e8f0cb807",
    "208": "Failed to compile... PR: 208, commit: a2e0452d66a056db75295124a06534f9ac56916b",
    "207": "Failed to compile... PR: 207, commit: a2e0452d66a056db75295124a06534f9ac56916b",
    "205": "Failed to compile... PR: 205, commit: 0ac7dd45562444f653b799875ca28cbb42434923",
    "203": "Failed to compile... PR: 203, commit: 0ac7dd45562444f653b799875ca28cbb42434923",
    "202": "Failed to compile... PR: 202, commit: 47d0fc5f88b9a4023df738c0cb99bb82b4825656",
    "200": "Failed to compile... PR: 200, commit: 5a42815c653a83559ff5d720b2e165f77f9304e4",
    "199": "Failed to compile... PR: 199, commit: 8f3ac8b6add0ce755ecbc65f974e9baf36c669c4",
    "196": "Failed to compile... PR: 196, commit: 04ab1bf05565b1cfcc400518a0012efa4494851b",
    "195": "Failed to compile... PR: 195, commit: 01b0414da4d1733cdfb5e5d50153bb44bd800d64",
    "194": "Failed to compile... PR: 194, commit: 115b13874d7fa46149af46a0923bba1f929d7d9b",
    "192": "Failed to compile... PR: 192, commit: 6b3f1b43821fce4b8b23a66323dc41c75a8d92ba",
    "191": "Failed to compile... PR: 191, commit: 8f3ac8b6add0ce755ecbc65f974e9baf36c669c4",
    "190": "Failed to compile... PR: 190, commit: 5008dcee24b70c3ca061aa3677cbffc10c9d00f2",
    "189": "Failed to compile... PR: 189, commit: b451beafb7599964e71089c557c1925ab171bc7b",
    "188": "Failed to compile... PR: 188, commit: b451beafb7599964e71089c557c1925ab171bc7b",
    "187": "Failed to compile... PR: 187, commit: 5008dcee24b70c3ca061aa3677cbffc10c9d00f2",
    "185": "Failed to compile... PR: 185, commit: ba4ff3057bd17fd3927f8812d55b8b5aaf72d32f",
    "180": "Failed to compile... PR: 180, commit: 8926738cd2af3d17fb1431c319b12c2288563039",
    "179": "Failed to compile... PR: 179, commit: 67225b387a3e5e92a8f81a5059bdd9d27a6c0ac8",
    "177": "Failed to compile... PR: 177, commit: d71bfe1b2ca47dfed034a5f51058429c338bf835",
    "176": "Failed to compile... PR: 176, commit: dfa3d87d88ee9c6eef07ec7db338f2154f86b416",
    "175": "Failed to compile... PR: 175, commit: 448c540d4ad3d1eee06238bf6b04e244f17eace5",
    "173": "Failed to compile... PR: 173, commit: b7e44c91b2cdfa85eebdb4b7130b3e597c3d0df0",
    "172": "Failed to compile... PR: 172, commit: b99c2b4b1200a4acfb6a44fc7312b020dc3b1e25",
    "168": "Failed to compile... PR: 168, commit: 65233b24df5bfeb8363edc41182f794c23394c32",
    "167": "Failed to compile... PR: 167, commit: 2c8ac51df36846b3806dc5cd7fe7bb4046fcdf32",
    "166": "Failed to compile... PR: 166, commit: 3ad0f4a2298bc00097cb825359a30a0a2eebbf09",
    "165": "Failed to compile... PR: 165, commit: 1fd28cb468c3ba982f5cca6c8b95c07b14c2a170",
    "164": "Failed to compile... PR: 164, commit: 437bc348e98a9d68d3bfb4f733451032ff1fab69",
    "163": "Failed to compile... PR: 163, commit: 1460aae0f7e57174e31eaf9d6d2945b303a28300",
    "162": "Failed to compile... PR: 162, commit: 43b308038ee727da0ea57fa0330db0d31eb8fcb6",
    "160": "Failed to compile... PR: 160, commit: fb4db81d2808b2baced1d0a1417ce3e8cdc0435e",
    "159": "Failed to compile... PR: 159, commit: 67e951ba5982229b55e8da1640e8b0bad5d795aa",
    "158": "Failed to compile... PR: 158, commit: d8b17c1004108973fad34fa9435d85c6f9aa78a1",
    "154": "Failed to compile... PR: 154, commit: 41515467c4a0804dcb35d99070046ea0ac44a6e0",
    "151": "Failed to compile... PR: 151, commit: 263ac1c9e4203ee646a801ab59ffbb078b1aa06b",
    "148": "Failed to compile... PR: 148, commit: 865ee2bf5c95c772ade0d4dd22e8401061b707ce",
    "147": "Failed to compile... PR: 147, commit: fecb67f2dd27d5b50d7a32f26fdaa811b5b80af2",
    "146": "Failed to compile... PR: 146, commit: fecb67f2dd27d5b50d7a32f26fdaa811b5b80af2",
    "144": "Failed to compile... PR: 144, commit: 949e3831a534a33b576ba43ae1c4e44b8d6ac679",
    "142": "Failed to compile... PR: 142, commit: f527275176b650a50737cbc3d618838a6ebd3b4b",
    "141": "Failed to compile... PR: 141, commit: f527275176b650a50737cbc3d618838a6ebd3b4b",
    "140": "Failed to compile... PR: 140, commit: f527275176b650a50737cbc3d618838a6ebd3b4b",
    "139": "Failed to compile... PR: 139, commit: f527275176b650a50737cbc3d618838a6ebd3b4b",
    "136": "Failed to compile... PR: 136, commit: a11769410261056bc21d018b85a0176acf999974",
    "134": "Failed to compile... PR: 134, commit: ead663e62596c0c3f814c0c32cc15f851e0eaff8",
    "133": "Failed to compile... PR: 133, commit: 4bd2cad0c06c4d444b51f5417b9bfb22aefe2075",
    "131": "Failed to compile... PR: 131, commit: 627a67334ca8da09ffc5ed22920b227ae2c97ff3",
    "130": "Failed to compile... PR: 130, commit: 5708e3530cbbea0b3c39739e71e9713f54d6dad5",
    "126": "Failed to compile... PR: 126, commit: 5bb62a05a7bb29b3fe042338e83598182b2f71b6",
    "125": "Failed to compile... PR: 125, commit: 2b7a21b5b94826dc53ec2748929508086df42dd0",
    "124": "Failed to compile... PR: 124, commit: cd10285912bca48fe12a432624f7b4494dc0eec9",
    "123": "Failed to compile... PR: 123, commit: 2b7a21b5b94826dc53ec2748929508086df42dd0",
    "122": "Failed to compile... PR: 122, commit: 2b7a21b5b94826dc53ec2748929508086df42dd0",
    "121": "Failed to compile... PR: 121, commit: 2b7a21b5b94826dc53ec2748929508086df42dd0",
    "120": "Failed to compile... PR: 120, commit: bc2c0ec9ec3ae3d87d6cde973e9973a4a273e264",
    "119": "Failed to compile... PR: 119, commit: 2dc30c8a133f9f84429290f46df10d13ca6bd2ab",
    "116": "Failed to compile... PR: 116, commit: 5cbbda0a56ad7833ac445d165dfdcba0b7af3585",
    "114": "Failed to compile... PR: 114, commit: a851bb6c02d8391f63d874b650998fcd50fb2b33",
    "108": "Failed to compile... PR: 108, commit: 938fbb3915c8d423bae3ccb0fa6e86254228f585",
    "107": "Failed to compile... PR: 107, commit: 756497d02a71bda30e584dd28ddbdfaaafc1178b",
    "106": "Failed to compile... PR: 106, commit: 30a7b53556ad8db41d0909bf27c57d1ea4782e55",
    "105": "Failed to compile... PR: 105, commit: c7ae3e1eef487452b9be908ec1d76c247c58a27d",
    "101": "Failed to compile... PR: 101, commit: 5043d7bedfb6ffdee98d7a826c5af9112c37bc25",
    "99": "Failed to compile... PR: 99, commit: 5043d7bedfb6ffdee98d7a826c5af9112c37bc25",
    "95": "Failed to compile... PR: 95, commit: 27707018964f76d9bc66c52ed4cef17c7a6f92d9",
    "94": "Failed to compile... PR: 94, commit: 4bdff812c3e77a8822b8892b63d3cc91e13a080f",
    "89": "Failed to compile... PR: 89, commit: d96ddec1c6860f93e4a1950f4554cdb2d05cd837",
    "87": "Failed to compile... PR: 87, commit: bb0c8c777404bd177c9601a5fae2341ff4ffbde6",
    "82": "Failed to compile... PR: 82, commit: aeb0a91a3e868470b5290b02fea19f0383e34a7a",
    "80": "Failed to compile... PR: 80, commit: 349fcde6ca971c7451af9979a9830e0a4a4ab111",
    "79": "Failed to compile... PR: 79, commit: 9baef19b7b460aecf669a689552d15fc62eb5560",
    "78": "Failed to compile... PR: 78, commit: 5bb12cd36f0d87e3b217cdc20c22a0f6dc9613f3",
    "76": "Failed to compile... PR: 76, commit: 7d10d7a1bba44c786115ee012a2d9174ec4482ce",
    "68": "Failed to compile... PR: 68, commit: 85a127bd3c8f9649554460207c94084f60e9ae89",
    "66": "Failed to compile... PR: 66, commit: cb17347f7d57c9c7b3feb6afb6458eb6c1df1c81",
    "62": "Failed to compile... PR: 62, commit: 44642ea5840e0fd4d46da63d9106ece3acda3261",
    "59": "Failed to compile... PR: 59, commit: 84dd1c98215601343fc28929a0b72e5157f2fea1",
    "58": "Failed to compile... PR: 58, commit: 21ff693b901c8c388dc513da9620804dcc906d5e",
    "56": "Failed to compile... PR: 56, commit: 62affba37676bf10d990281f6d9296183ff656c4",
    "55": "Failed to compile... PR: 55, commit: 01d0b24e086fa8ec8251d63a29197ab4938355d2",
    "54": "Failed to compile... PR: 54, commit: 01d0b24e086fa8ec8251d63a29197ab4938355d2",
    "53": "Failed to compile... PR: 53, commit: 2666793f03a3b810f07bf8b30e26f8d8be974f49",
    "52": "Failed to compile... PR: 52, commit: 8eec5d4ed3b5cf852441fe8bfb33af9b3b64c466",
    "51": "Failed to compile... PR: 51, commit: 26e22a3fddfd9278e04c66cdd25df6107e1edeb1",
    "50": "Failed to compile... PR: 50, commit: 75d49a95cc1a3c66e10c3374d50337838fae86a8",
    "49": "Failed to compile... PR: 49, commit: b8ddcdafaf891e892bf7c014aaebaab01d9124c6",
    "48": "Failed to compile... PR: 48, commit: 1ab1caa9fd999ccc1abbffb3b1d42bc3e61573a2",
    "47": "Failed to compile... PR: 47, commit: e2734bfcdb1b0f9a1b4422e84a6dbea4311365c4",
    "46": "Failed to compile... PR: 46, commit: 2d8ffba391fa9d44d7e48e46f60fd05be9dd6d39",
    "45": "Failed to compile... PR: 45, commit: 2d8ffba391fa9d44d7e48e46f60fd05be9dd6d39",
    "44": "Failed to compile... PR: 44, commit: 2d8ffba391fa9d44d7e48e46f60fd05be9dd6d39",
    "43": "Failed to compile... PR: 43, commit: 2d8ffba391fa9d44d7e48e46f60fd05be9dd6d39",
    "42": "Failed to compile... PR: 42, commit: 2c06db649f7a4a19c463c33cf7ac2f42ff92eb87",
    "40": "Failed to compile... PR: 40, commit: 98a32fd77d732da16598d037cbcf941988691df0",
    "38": "Failed to compile... PR: 38, commit: 949b84ff16f1bccbc330bf45a2ffa7d6da61f10b",
    "37": "Failed to compile... PR: 37, commit: 09c924cff91e0cef1ddeff6085a12e100e896d45",
    "35": "Failed to compile... PR: 35, commit: fba700d3609657c414a34ffdaaf6389f03f12cc8",
    "34": "Failed to compile... PR: 34, commit: 7f64112f8ab3ffa93aeed5f4643d327a936bda9b",
    "33": "Failed to compile... PR: 33, commit: a5559d7d4b7e55725e15b64068f2b41596060075",
    "32": "Failed to compile... PR: 32, commit: cfbfb688702187d0cad7ba3ad61fbb7582137db6",
    "30": "Failed to compile... PR: 30, commit: 486065aedd40d3fcbdc44ab5807bbfa788e101c3",
    "29": "Failed to compile... PR: 29, commit: d7178a8b45629cec8a360374e7ba04b2c03e9e81",
    "28": "Failed to compile... PR: 28, commit: 0b6a42405d96ec44c718fc088999a309628f32fc",
    "27": "Failed to compile... PR: 27, commit: 49dd104101b00e9d113326efb8217c437504b6bc",
    "26": "Failed to compile... PR: 26, commit: 8990e65545d4d65773a0e5d1350a9e602a0d3d77",
    "25": "Failed to compile... PR: 25, commit: e1ad29f9029deb624348fae05c4db0a07bba3104",
    "24": "Failed to compile... PR: 24, commit: 5be9a2eb4810e5e67b90e132e21aa15127813e5c",
    "23": "Failed to compile... PR: 23, commit: fca0df5c7c0e1c7a524eb3125a6bce6b995f059d"
}