{
    "549": "Failed to compile... PR: 549, commit: 3d4ed4a8ac63db1e51601ffc31fed44dccbb276c",
    "548": "Failed to compile... PR: 548, commit: 3d4ed4a8ac63db1e51601ffc31fed44dccbb276c",
    "547": "Failed to compile... PR: 547, commit: 3d4ed4a8ac63db1e51601ffc31fed44dccbb276c",
    "546": "Failed to compile... PR: 546, commit: 3d4ed4a8ac63db1e51601ffc31fed44dccbb276c",
    "545": "Failed to compile... PR: 545, commit: 3d4ed4a8ac63db1e51601ffc31fed44dccbb276c",
    "544": "Failed to compile... PR: 544, commit: 3d4ed4a8ac63db1e51601ffc31fed44dccbb276c",
    "543": "Failed to compile... PR: 543, commit: 3d4ed4a8ac63db1e51601ffc31fed44dccbb276c",
    "540": "Failed to compile... PR: 540, commit: 3d4ed4a8ac63db1e51601ffc31fed44dccbb276c",
    "539": "Failed to compile... PR: 539, commit: 3d4ed4a8ac63db1e51601ffc31fed44dccbb276c",
    "537": "Failed to compile... PR: 537, commit: 3d4ed4a8ac63db1e51601ffc31fed44dccbb276c",
    "536": "Failed to compile... PR: 536, commit: 3d4ed4a8ac63db1e51601ffc31fed44dccbb276c",
    "529": "Failed to compile... PR: 529, commit: bd147ae86c646cb6b03235ad924e35c42cec842c",
    "521": "Failed to compile... PR: 521, commit: fdffbc15222f42ce814d6e916bb5f06ab273f88f",
    "519": "Failed to compile... PR: 519, commit: d82301acbdf96f519b27fe379d3cbe9f17e1aa16",
    "517": "Failed to compile... PR: 517, commit: d82301acbdf96f519b27fe379d3cbe9f17e1aa16",
    "516": "Failed to compile... PR: 516, commit: d82301acbdf96f519b27fe379d3cbe9f17e1aa16",
    "513": "Failed to compile... PR: 513, commit: d82301acbdf96f519b27fe379d3cbe9f17e1aa16",
    "512": "Failed to compile... PR: 512, commit: d82301acbdf96f519b27fe379d3cbe9f17e1aa16",
    "507": "Failed to compile... PR: 507, commit: 9747b14469aa88714bc979cab24e1ffda663aa78",
    "505": "Failed to compile... PR: 505, commit: 055c20ab982090d48cf216e3a37055d2e668c538",
    "504": "Failed to compile... PR: 504, commit: 893cc1512bcee1929b713e1be9c4acceba54cc14",
    "502": "Failed to compile... PR: 502, commit: 666d94867cf0b6f4ef33d9da6984b6d680323bf9",
    "494": "Failed to compile... PR: 494, commit: eb8d069089364e396e37ed5273cf7710e41eb06d",
    "493": "Failed to compile... PR: 493, commit: bd147ae86c646cb6b03235ad924e35c42cec842c",
    "485": "Failed to compile... PR: 485, commit: a606a0328ba4b3061c5bc810a31418fa4251ea16",
    "481": "Failed to compile... PR: 481, commit: 182b2506b304463f8f1a9ad765c6db0420fa356f",
    "480": "Failed to compile... PR: 480, commit: 1163e177137f5c57ce80092c0743209b28d33400",
    "477": "Failed to compile... PR: 477, commit: 32949d5b363b96496bf338aab6a9990cc3900456",
    "475": "Failed to compile... PR: 475, commit: f437fb29bbcc6ed4eea85b357efe1dfe0ee57479",
    "472": "Failed to compile... PR: 472, commit: ac00199379a5fcc4db012d8eb1336c9d9802540d",
    "463": "Failed to compile... PR: 463, commit: 5be09f1b8f3e63014929912d6642244f36e98eb4",
    "458": "Failed to compile... PR: 458, commit: 29723e851ca56aa621165130049e588980c5a5e7",
    "456": "Failed to compile... PR: 456, commit: 7c32e527651a8a235d1b78b2f5d3f53d5e9bb6cb",
    "453": "Failed to compile... PR: 453, commit: 0abfa791934a846a563ee6d4e89eb5e3f92f63de",
    "452": "Failed to compile... PR: 452, commit: b77014c9536deb38f91eb579c27e2484793eda44",
    "451": "Failed to compile... PR: 451, commit: 5e7d64d6b2719afb1e5f4785d80d24ac5a19a782",
    "447": "Failed to compile... PR: 447, commit: 102a6d75650b7578e31bf18b840e0b613e83e439",
    "439": "Failed to compile... PR: 439, commit: add397b17730873e1f47a597e9c28b67f6cbaa95",
    "425": "Failed to compile... PR: 425, commit: 0abcf0d32b22401e2c8e358317694d2ff044faed",
    "418": "Failed to compile... PR: 418, commit: 24ebbb069b59c7729010ce7c7a7c59b28a4620ef",
    "417": "Failed to compile... PR: 417, commit: 24ebbb069b59c7729010ce7c7a7c59b28a4620ef",
    "192": "Failed to compile... PR: 192, commit: 1eecfc948bf6f4cbb9a2481313ca7368ec653056",
    "186": "Failed to compile... PR: 186, commit: c503d742f094dc2048b72c3f78f5e2e6070a44e1",
    "185": "Failed to compile... PR: 185, commit: c7c85ee39892df3ca007c6596c41654865be7e43",
    "179": "Failed to compile... PR: 179, commit: bd9adbb637a8a4aa5eb61c6fde2c576d0ab3c4fa",
    "167": "Failed to compile... PR: 167, commit: 8d3f3b60fa9391ee66f1306fa57e51b221f76414",
    "146": "Failed to compile... PR: 146, commit: 1e4a4906776f7300a9639a7599fccc545791583d",
    "124": "Failed to compile... PR: 124, commit: a72a5ced53067d3516ffbebf00a633743bbfeb5c",
    "117": "Failed to compile... PR: 117, commit: 56907c9a96a50af44415111fcea3e76ce4d1890f",
    "114": "Failed to compile... PR: 114, commit: 481137553f878e2f69ce05129d4aecbf016a1756",
    "111": "Failed to compile... PR: 111, commit: 00fafe772ceb91c9f26d79f5a2f6c3695a141115",
    "110": "Failed to compile... PR: 110, commit: 00fafe772ceb91c9f26d79f5a2f6c3695a141115",
    "96": "Failed to compile... PR: 96, commit: 612236c8a77d5d8c4755e287f682cf06d773a902",
    "92": "Failed to compile... PR: 92, commit: 0343b4fda87161265acf30d5ee61e525e751358d",
    "88": "Failed to compile... PR: 88, commit: 71d7c3264239c55b6e2daf89c44c5685085f26dd",
    "86": "Failed to compile... PR: 86, commit: 5b7608d1549989d92dd159392c19d9ba8ce0e62e",
    "85": "Failed to compile... PR: 85, commit: d6dd2b4cd4a337c5517952680c3714e5d08e9cb8",
    "83": "Failed to compile... PR: 83, commit: d6dd2b4cd4a337c5517952680c3714e5d08e9cb8",
    "82": "Failed to compile... PR: 82, commit: d6dd2b4cd4a337c5517952680c3714e5d08e9cb8",
    "79": "Failed to compile... PR: 79, commit: 1cb5573ada7dc7ec240fca6afe4eeb6e2c793d8e",
    "78": "Failed to compile... PR: 78, commit: 8e7ea70a33ecb8db5207849ea6371b4a5a8ffd26",
    "77": "Failed to compile... PR: 77, commit: 8e7ea70a33ecb8db5207849ea6371b4a5a8ffd26",
    "74": "Failed to compile... PR: 74, commit: cf42ae522e12e9b412e1a1f008ea73cfd86a5979",
    "73": "Failed to compile... PR: 73, commit: 63d8a025e6f38ddfc966c4104ac783bcb59031e0"
}