{
    "2716": "Failed to compile... PR: 2716, commit: bee7100ec81a148a96cb6ed0149056f7860a709a",
    "2691": "Failed to compile... PR: 2691, commit: 48bae06a1ada7696160583cb2ae5fc0c0ebbbd54",
    "2670": "Failed to compile... PR: 2670, commit: 0b1ef6ceb9f5f553bb11fdfc2d2f250005ef5bd8",
    "2654": "Failed to compile... PR: 2654, commit: 3541ef2f3cea4349cee5ddf4d90d260c2b1467d0",
    "2638": "Failed to compile... PR: 2638, commit: 80eddf7fc4270d0226ea3cdb0c8c72c0f23faf8b",
    "2636": "Failed to compile... PR: 2636, commit: 0d487c25cf15c6dd7198573f18efc742956a4e2b",
    "2564": "Failed to compile... PR: 2564, commit: f27bfce014bbe6ca0a4b688f212676254bbbc810",
    "2515": "Failed to compile... PR: 2515, commit: 1d3ecf551e60dbe487bc472888cb9c02ab1efeb2",
    "2708": "Failed to run sonar... PR: 2708, commit: e62816675c51b48ae438766663746b3ce5191251"
}