{
    "4289": "Failed to compile... PR: 4289, commit: 2d58e5f9695de70b5f2e50c22ebb33b50aa54523",
    "4227": "Failed to compile... PR: 4227, commit: 0c84844056952fb0c768ed46b119fbb6c169a2a4",
    "4093": "Failed to compile... PR: 4093, commit: 111e3925a911e946726210102a0f83319f10b5c4",
    "4041": "Failed to compile... PR: 4041, commit: 4947c7cde1abe145ef48935e9ffb2dce4cddeeb5",
    "3980": "Failed to compile... PR: 3980, commit: e4c3dad4328edf943bfc0d30e980a6e2a6dd5d02",
    "3948": "Failed to compile... PR: 3948, commit: 9f2ce7a8e2e2fd220bfbbf171e5e669cff2ada94",
    "3884": "Failed to compile... PR: 3884, commit: f7b155782a69eabc7cae1c5b0904c6e3983869d2",
    "3874": "Failed to compile... PR: 3874, commit: 11083e34e22b50df81f5377883a5b589ad41f254",
    "3851": "Failed to compile... PR: 3851, commit: 44f2ee6ae0b42b0d205ab5c92a05f2f6a2ae765b",
    "3817": "Failed to compile... PR: 3817, commit: 64c5044a745325fb83a1a67de4aeac7dbec5ffa2",
    "3808": "Failed to compile... PR: 3808, commit: 6651b03aabdf8ef222fc7bd51092b194e65fa803",
    "3805": "Failed to compile... PR: 3805, commit: 23b3eaae609068d5d5caa400456f9961cd531933",
    "3582": "Failed to compile... PR: 3582, commit: d58e46847380758c6dfa6692b43fc53f9ef2fc98",
    "3578": "Failed to compile... PR: 3578, commit: 78fa8102fd4744edf82031f0f9809e28c2842c58",
    "3533": "Failed to compile... PR: 3533, commit: 6f3434173fe140de150a908675b61c254c52f8f7",
    "3509": "Failed to compile... PR: 3509, commit: 0ad11246ec99b218d321e1c9ac4d6c62e137c876",
    "3460": "Failed to compile... PR: 3460, commit: d2ff216abcd9f11726dba8ba17084928065c388b",
    "3452": "Failed to compile... PR: 3452, commit: 614720e85df6e0d4f32f02c7b96abeb7ff674668",
    "3349": "Failed to compile... PR: 3349, commit: e29b58d561b0d0ae5bc032e87f0aa5474a161f61",
    "3192": "Failed to compile... PR: 3192, commit: 4562dc731249e489069261cbb199c2ba38ffd9a9",
    "3121": "Failed to compile... PR: 3121, commit: 78a75bc42aa0ac12fb79ed9b11521d3f9ac098a3",
    "3391": "Failed to run sonar... PR: 3391, commit: a71fa294f13b2176a4882b0cfb15336a5be0dcd4",
    "3276": "Failed to run sonar... PR: 3276, commit: da2b7ed883a8e99c733fc557032b1a45544cddf1",
    "3261": "Failed to run sonar... PR: 3261, commit: 8dd79a3b313241fb643195d4d85ea3b05592b428",
    "3249": "Failed to run sonar... PR: 3249, commit: 9f0518ee293978f9688d391c0fc42d29de04c4e5",
    "3231": "Failed to run sonar... PR: 3231, commit: da2b7ed883a8e99c733fc557032b1a45544cddf1",
    "3226": "Failed to run sonar... PR: 3226, commit: 1ec4da21568268886af9c0787a42143aaa40215e",
    "3181": "Failed to run sonar... PR: 3181, commit: c259914115b80b4442eb9670608b6df1c6b2c0c0",
    "3176": "Failed to run sonar... PR: 3176, commit: 88b75633f7eef883f07446cfbff01cc193ecf6fa",
    "3168": "Failed to run sonar... PR: 3168, commit: 18c4f1ab7167cbdf8123b6bbc5f57b728650ad21",
    "3069": "Failed to run sonar... PR: 3069, commit: c259914115b80b4442eb9670608b6df1c6b2c0c0",
    "3235": "Failed to run sonar... PR: 3235, commit: e9842290a50233262604e38cd41570221185b6bc"
}